Date,Close,High,Low,Open,Volume
5/18/2015,10.71649456,10.71649456,10.13899498,10.71649456,2197500
5/19/2015,11.19278049,11.40115696,10.66886359,10.66886359,1978700
5/20/2015,11.07966995,11.21660273,10.93082968,11.13325254,717600
5/21/2015,10.86533833,11.10943625,10.72840557,11.0737149,793000
5/22/2015,10.84151649,10.95463533,10.74625889,10.86533146,536200
5/26/2015,10.85938072,10.98440708,10.78198432,10.86533447,681400
5/27/2015,11.16468906,11.19462189,10.77557144,10.89530046,652700
5/28/2015,11.08686829,11.19462421,10.96713923,11.03299033,949800
5/29/2015,11.04496193,11.07489362,10.84142325,10.97312428,565500
6/1/2015,11.06291962,11.07489275,10.92523203,10.97312342,1014500
6/2/2015,11.17666626,11.19462596,10.97312752,10.97312752,922000
6/3/2015,11.33230591,11.34427904,11.08087594,11.19461837,1165000
6/4/2015,11.32033539,11.33230852,11.2125795,11.32033539,928000
6/5/2015,11.29041004,11.31435517,11.15272125,11.30238204,711900
6/8/2015,11.29639149,11.31435004,11.15271619,11.19462215,787200
6/9/2015,11.31434917,11.33230887,11.26645779,11.31434917,959300
6/10/2015,11.29041004,11.33830145,11.28442347,11.31435517,1091800
6/11/2015,11.29041004,11.31435517,11.27245034,11.29041004,860800
6/12/2015,11.20060539,11.29040272,11.17067371,11.24251134,911600
6/15/2015,11.25448513,11.28741067,11.12278411,11.18264863,776300
6/16/2015,11.30836487,11.3382977,11.14673214,11.24850149,1251100
6/17/2015,11.39217663,11.3981632,11.26047444,11.26646101,1459800
6/18/2015,11.43407726,11.49394177,11.34428107,11.36822619,998200
6/19/2015,11.28441811,11.43407882,11.27244497,11.42210569,440600
6/22/2015,11.18863678,11.3682292,11.18863678,11.28441956,646200
6/23/2015,11.23054218,11.37421636,10.99707179,11.04496318,972200
6/24/2015,11.37421322,11.51788735,11.14433392,11.21856595,742700
6/25/2015,11.34428596,11.45802732,11.3203397,11.37421766,1194200
6/26/2015,11.53084564,11.70537361,11.40446427,11.45862804,8790200
6/29/2015,11.3503046,11.53686814,11.3503046,11.44659553,722900
6/30/2015,11.35631657,11.53686167,11.34427992,11.49473456,490900
7/1/2015,11.37436771,11.40445932,11.30816847,11.3563139,652200
7/2/2015,11.32622814,11.40747381,11.32622814,11.37437359,341500
7/6/2015,11.31419277,11.36835655,11.22392018,11.27808397,422500
7/7/2015,11.21188164,11.41048176,11.19382781,11.27206374,448500
7/8/2015,11.19382477,11.29613396,11.10355222,11.21789691,423000
7/9/2015,11.24197197,11.27206244,11.11558946,11.27206244,353900
7/10/2015,11.42251682,11.42853515,11.18178961,11.22391673,700700
7/13/2015,11.29012203,11.40446794,11.22392159,11.36835798,340900
7/14/2015,11.40446758,11.42853974,11.26003005,11.32021216,463100
7/15/2015,11.40446758,11.41650309,11.30215833,11.35632212,510500
7/16/2015,11.40446758,11.43455807,11.35030379,11.35632212,781300
7/17/2015,11.39242554,11.40446218,11.30817131,11.37437057,513000
7/20/2015,11.21188164,11.38640961,11.19984614,11.38640961,373800
7/21/2015,11.03133011,11.21789347,10.84476674,11.15169424,739000
7/22/2015,10.97115517,11.0734644,10.89893756,11.02531894,386800
7/23/2015,10.73042583,11.03133514,10.67024374,11.00124467,704800
7/24/2015,10.56191444,10.80865994,10.43553311,10.76653283,590200
7/27/2015,10.57395458,10.68228213,10.47164536,10.50173698,655500
7/28/2015,10.77857208,10.79060873,10.45960778,10.53182652,734800
7/29/2015,10.87540531,10.97223688,10.60911908,10.60911908,656800
7/30/2015,10.90566349,10.98433869,10.69989617,10.80277983,1000400
7/31/2015,10.97829056,11.0448627,10.8875111,10.95408324,316200
8/3/2015,10.99644852,11.04486431,10.9419806,11.01460487,308200
8/4/2015,10.90566349,11.04485869,10.89961137,10.95407926,341700
8/5/2015,10.94802856,11.04486012,10.9056649,10.97828799,485100
8/6/2015,10.84514713,10.9903945,10.75436767,10.8875108,814600
8/7/2015,10.94802856,10.99644434,10.77252064,10.77252064,384400
8/10/2015,10.86330128,10.99644438,10.79672915,10.92987225,445500
8/11/2015,10.87540531,10.9238211,10.60306696,10.79067798,521400
8/12/2015,10.85724735,11.03880621,10.62121946,10.79672735,1342900
8/13/2015,10.76647377,10.82094053,10.6938495,10.75436953,539300
8/14/2015,10.87540531,10.89356166,10.65148275,10.71200276,781100
8/17/2015,10.95407677,11.01459676,10.79672525,10.80277737,681500
8/18/2015,10.87540531,10.98434111,10.83304165,10.89961378,515500
8/19/2015,10.84514713,10.90566716,10.77857499,10.90566716,550700
8/20/2015,10.78462601,10.89356181,10.77857389,10.82698967,781900
8/21/2015,10.48203087,10.82094148,10.43361507,10.73621412,615900
8/24/2015,10.05233574,10.28836251,8.363833338,10.11890671,914300
8/25/2015,9.91313839,10.33677727,9.91313839,10.19758206,557900
8/26/2015,10.2641573,10.28836577,9.846571516,10.02813045,600100
8/27/2015,10.61725426,10.62942912,10.1180487,10.27633242,662600
8/28/2015,10.83033085,10.92164875,10.64769389,10.65378191,1125100
8/31/2015,10.78162289,10.81815096,10.59898716,10.81815096,959500
9/1/2015,10.59898949,10.75118635,10.5076716,10.74509834,1126600
9/2/2015,10.89120579,10.90946983,10.65377908,10.67204312,554500
9/3/2015,10.9033823,10.95817326,10.79684497,10.81206442,973200
9/4/2015,10.92773247,10.95817137,10.75118359,10.81206256,1274600
9/8/2015,11.54869366,11.55478167,10.95208243,10.95817045,3744200
9/9/2015,11.48173332,11.54869916,11.41476632,11.49999621,1586900
9/10/2015,11.56087303,11.56087303,11.40867618,11.40867618,2551100
9/11/2015,11.71915913,11.71915913,11.49999526,11.54869821,2604900
9/14/2015,11.79829979,11.8378713,11.64610293,11.64610293,1755300
9/15/2015,11.70089054,11.82264846,11.54869373,11.78612155,1964700
9/16/2015,11.78612041,11.8104713,11.55478063,11.73741749,1859600
9/17/2015,12.03571987,12.07833478,11.71915034,11.71915034,3381800
9/18/2015,11.51217079,12.02355235,11.46346784,12.01137632,19763600
9/21/2015,11.53652287,11.60957671,11.36606196,11.57304979,1737400
9/22/2015,11.27474308,11.45129082,11.1742926,11.42693993,1414600
9/23/2015,11.49999237,11.53652045,11.28082972,11.35388355,1210000
9/24/2015,11.32344437,11.53043215,11.17733555,11.45737716,811800
9/25/2015,11.49390507,11.49390507,11.17733652,11.42085123,1017400
9/28/2015,11.37761879,11.48166376,11.25827333,11.35313707,1616900
9/29/2015,11.18789196,11.47554521,11.16341024,11.34701966,1395000
9/30/2015,11.36537457,11.45105822,11.11444285,11.27969091,1460400
10/1/2015,11.43881989,11.44494031,11.20012783,11.34701579,884000
10/2/2015,11.40210247,11.41434333,11.14505018,11.34702092,454800
10/5/2015,11.56734467,11.58570595,11.41433746,11.4449396,1415300
10/6/2015,11.52450562,11.5551066,11.40821978,11.50614433,592600
10/7/2015,11.62243462,11.62243462,11.45106602,11.5183896,1005800
10/8/2015,11.58570766,11.62242907,11.52450454,11.57958724,706000
10/9/2015,11.57958889,11.62243073,11.45106219,11.58570932,690600
10/12/2015,11.56734467,11.61630693,11.48778143,11.54898455,533600
10/13/2015,11.53062534,11.57346718,11.46942222,11.51226405,730400
10/14/2015,11.52450562,11.60406887,11.49390463,11.51838519,806600
10/15/2015,11.59794998,11.59794998,11.40822015,11.48778458,701300
10/16/2015,11.61630726,11.62854812,11.51838274,11.59182671,945500
10/19/2015,11.86112118,11.86724161,11.51226484,11.53674656,1261900
10/20/2015,11.92232609,11.92844652,11.6591534,11.70811568,984700
10/21/2015,11.9345665,11.9345665,11.80604096,11.91620521,974800
10/22/2015,12.05696869,12.05696869,11.89172062,11.91620117,1554700
10/23/2015,11.8060379,12.05696966,11.64691025,12.05084923,1234300
10/26/2015,11.89172459,11.98964914,11.73871732,11.91620514,1063700
10/27/2015,11.90396404,11.98964773,11.8029787,11.91008331,888100
10/28/2015,12.20541382,12.21156588,11.91012183,11.92857685,1308800
10/29/2015,12.2238636,12.24231861,12.08236857,12.08852063,1043700
10/30/2015,12.13158226,12.23001286,12.1254302,12.19310168,689200
11/2/2015,12.29768562,12.29768562,12.10697647,12.17464795,1377600
11/3/2015,12.2915287,12.29768076,12.23616136,12.2730737,1071200
11/4/2015,12.23616505,12.27922829,12.18079769,12.27922829,974300
11/5/2015,12.25462341,12.26077547,12.13773662,12.26077547,1251700
11/6/2015,12.51915646,12.51915646,12.06391455,12.1931043,2896500
11/9/2015,12.59913063,12.61143475,12.38381322,12.41457352,2329100
11/10/2015,12.59913063,12.59913063,12.40842146,12.54991532,1380400
11/11/2015,12.30383968,12.53146123,12.22078862,12.50070093,1779900
11/12/2015,12.0823679,12.33459647,12.05776083,12.29153323,1182900
11/13/2015,12.088521,12.40226902,12.04545776,12.12543219,2157200
11/16/2015,12.20541382,12.24232502,12.02085662,12.02085662,1498800
11/17/2015,12.0516119,12.29768848,12.0516119,12.25462522,1798300
11/18/2015,12.02700043,12.11005147,12.00239336,12.03315249,1463600
11/19/2015,12.00239468,12.05160998,11.97163438,11.99009056,1013800
11/20/2015,11.86705303,12.13773664,11.81168566,12.04545808,1277700
11/23/2015,12.02700043,12.06391278,11.82029686,11.91626688,885900
11/24/2015,12.01469421,12.05775744,11.92856658,11.97162981,821800
11/25/2015,11.98995972,12.28058869,11.94667485,12.28058869,931200
11/27/2015,12.00851822,12.1198229,11.97760078,12.02088567,613100
11/30/2015,12.05798531,12.21257486,11.96523181,12.04561786,14059800
12/1/2015,12.10745049,12.18165397,12.04561444,12.07653305,1576000
12/2/2015,11.96523571,12.16311022,11.81682983,12.15692649,1650800
12/3/2015,11.77354622,11.99615447,11.68697523,11.98378702,1680000
12/4/2015,12.50938988,12.52794105,11.79209424,11.81682914,4096400
12/7/2015,12.05798531,12.45991791,12.02706787,12.45991791,1877200
12/8/2015,11.98995972,12.0796219,11.92812487,12.05179574,1262400
12/9/2015,11.87247849,11.9899657,11.84155987,11.94668081,1315100
12/10/2015,11.96523571,12.05180551,11.84774728,11.87248218,1068800
12/11/2015,11.86629677,12.0085189,11.7611758,11.92813284,1172900
12/14/2015,12.44755077,12.55267172,11.87866115,11.94049721,3703200
12/15/2015,12.67634106,12.67634106,12.40426316,12.45991549,3163900
12/16/2015,12.68252277,12.81237739,12.54648444,12.66397161,3656000
12/17/2015,12.7876482,12.83093309,12.6206912,12.68252726,1528100
12/18/2015,12.73199654,12.96697215,12.64542676,12.74436398,9042400
12/21/2015,12.39189816,12.78146328,12.36097954,12.77527956,1289400
12/22/2015,12.29296112,12.52175419,12.2682274,12.49701929,1061700
12/23/2015,12.48464966,12.50319965,12.25585666,12.39807873,566800
12/24/2015,12.33006001,12.54030184,12.31150884,12.49701578,623900
12/28/2015,12.6021347,12.60831843,12.28677318,12.34242431,629900
12/29/2015,12.74436378,12.75054751,12.5835905,12.64542656,586400
12/30/2015,12.75057411,12.81892434,12.6822227,12.72571862,525500
12/31/2015,12.40882206,12.7567919,12.40882206,12.7567919,770000
1/4/2016,12.2783308,12.34668221,12.06085001,12.24104875,799600
1/5/2016,12.35911083,12.42746225,12.17269937,12.20376755,739000
1/6/2016,12.4771719,12.48338577,12.19134084,12.24105064,734100
1/7/2016,12.19133949,12.37775093,12.12920195,12.14784238,800500
1/8/2016,11.91171932,12.2770862,11.85579566,12.16648213,1092800
1/11/2016,12.00492287,12.04841878,11.88064901,11.91793105,487000
1/12/2016,12.01736069,12.27212367,11.88687167,12.11056645,923100
1/13/2016,11.85579872,12.05463792,11.75637912,12.05463792,908700
1/14/2016,11.61346149,11.94278842,11.48918642,11.89307863,814300
1/15/2016,11.35870075,11.42705099,11.17850198,11.42083711,625400
1/19/2016,10.72489738,11.28786137,10.62547781,11.25306464,1462200
1/20/2016,10.93616676,11.03558636,10.15945039,10.52606061,1208600
1/21/2016,11.07286644,11.25306517,10.7497522,11.00451503,899200
1/22/2016,10.92373848,11.29034868,10.79946339,11.24063889,645000
1/25/2016,10.81810665,11.15364873,10.76218297,10.93616788,487800
1/26/2016,10.99209023,11.07908208,10.71868574,10.84296083,625500
1/27/2016,10.92995262,11.04801384,10.79946366,10.911311,530000
1/28/2016,11.02315807,11.13500542,10.91131073,11.02937195,323000
1/29/2016,11.42933846,11.45433365,11.03565365,11.03565365,754300
2/1/2016,11.50432777,11.59181278,11.24812068,11.41059367,679700
2/2/2016,11.46058464,11.57931513,11.26061825,11.47308284,672800
2/3/2016,11.56056499,11.60743263,11.31685617,11.5543159,440500
2/4/2016,11.78552914,11.82302253,11.52307299,11.56681548,404800
2/5/2016,11.84802341,11.87301982,11.66680426,11.76053839,545400
2/8/2016,11.82927132,11.86676471,11.35435062,11.83552041,610200
2/9/2016,12.06048584,12.25420435,11.54182249,11.7167937,1092300
2/10/2016,12.12922764,12.16047195,12.0104971,12.11048033,693300
2/11/2016,11.82302189,12.12297142,11.59181005,12.06048163,541600
2/12/2016,12.06673431,12.14797141,11.7730338,11.8855152,571500
2/16/2016,12.06673431,12.17921572,11.9505044,12.09173071,498600
2/17/2016,12.3541832,12.39792569,11.9417523,12.09172706,796700
2/18/2016,12.41667175,12.44166695,12.18545994,12.42291966,897700
2/19/2016,12.2854414,12.82910083,12.24794801,12.42916703,622400
2/22/2016,12.25420094,12.4479182,12.20420934,12.37293022,462800
2/23/2016,12.24170589,12.44167231,12.18546519,12.24795499,493500
2/24/2016,12.41667175,12.47916034,12.07297858,12.16671265,544800
2/25/2016,12.49166107,12.49791017,12.31356595,12.43542038,915200
2/26/2016,11.87301254,12.46666365,11.83551915,12.36043138,910500
2/29/2016,11.94211864,12.26564225,11.87301605,11.91698999,1027300
3/1/2016,12.1242981,12.1242981,11.88558186,12.04263236,528600
3/2/2016,12.38185883,12.42583397,12.10545085,12.14942479,1131100
3/3/2016,12.46981335,12.50122298,12.30019847,12.3504546,575000
3/4/2016,12.53890991,12.54519208,12.41955241,12.45724419,802800
3/7/2016,12.50121975,12.5451937,12.41327185,12.47609229,511500
3/8/2016,12.36301041,12.526343,12.33788176,12.38813785,498700
3/9/2016,12.48865891,12.48865891,12.27507126,12.31276306,521100
3/10/2016,12.52005863,12.53262295,12.3190343,12.50121215,893500
3/11/2016,12.54519367,12.55147584,12.45724577,12.52006621,549500
3/14/2016,12.54519367,12.557758,12.45096361,12.53263054,543900
3/15/2016,12.30647659,12.53262968,12.29705395,12.53262968,371900
3/16/2016,12.38185883,12.42583397,12.26250133,12.30647527,497300
3/17/2016,12.50750256,12.54519434,12.38186167,12.41955465,997000
3/18/2016,12.28763294,12.55776004,12.16199324,12.48865743,1764000
3/21/2016,12.31275845,12.45096244,12.04263142,12.26250234,810700
3/22/2016,12.24365997,12.27192912,12.11802026,12.22481348,660500
3/23/2016,12.10545349,12.28763146,12.06147954,12.24365751,521400
3/24/2016,12.13685989,12.18083383,11.97980943,12.08032163,489200
3/28/2016,12.2248106,12.24365709,12.13058054,12.15570919,418700
3/29/2016,12.33159924,12.35672788,12.16198568,12.16198568,677800
3/30/2016,12.44526291,12.53681892,12.30319465,12.39474946,552200
3/31/2016,12.50840092,12.50840092,12.35686061,12.40737405,599700
4/1/2016,12.38843155,12.48945841,12.32528946,12.42000199,596300
4/4/2016,12.36316776,12.41368117,12.2242562,12.40736684,574000
4/5/2016,12.17374706,12.33160166,12.05377723,12.28740136,869900
4/6/2016,12.00958729,12.19901247,11.95907383,12.19901247,373200
4/7/2016,11.85804081,12.00958112,11.78227005,11.97169514,346200
4/8/2016,11.96538353,12.06009608,11.85804231,11.92118321,275900
4/11/2016,11.99063969,12.05378179,11.89592713,11.89592713,311100
4/12/2016,11.91486168,12.09797233,11.87066139,11.99694551,367900
4/13/2016,12.14218235,12.14849668,11.80121685,11.98432766,437500
4/14/2016,12.16111374,12.16742807,11.86434764,12.00957353,624600
4/15/2016,12.17374706,12.26845958,12.12954676,12.18637452,411000
4/18/2016,12.09797668,12.24951696,12.05377759,12.19268921,435400
4/19/2016,12.1863718,12.24319954,12.06008888,12.11060229,713900
4/20/2016,12.13585281,12.23687959,11.99062697,12.17373876,678600
4/21/2016,11.80121136,12.13712572,11.69387017,12.08534894,745400
4/22/2016,11.91486168,11.92748913,11.77594891,11.80752054,451300
4/25/2016,11.90854931,11.94011974,11.77595084,11.85172157,511800
4/26/2016,11.94643879,12.06009432,11.87066803,11.91486834,461700
4/27/2016,11.9527483,11.97169008,11.77595075,11.96537695,301100
4/28/2016,11.9971838,12.07335693,11.8702302,11.94005426,447600
4/29/2016,12.01622772,12.02892345,11.74327571,11.98448841,591600
5/2/2016,11.86388397,12.12414028,11.77501511,12.01622904,609500
5/3/2016,11.94005299,11.97814015,11.77501223,11.80675154,437100
5/4/2016,12.04796505,12.04796505,11.87022977,11.92101145,702700
5/5/2016,11.98448563,12.04161516,11.85753205,12.02892065,562500
5/6/2016,12.10509491,12.11144277,11.71153717,11.71153717,505300
5/9/2016,12.19396019,12.20665591,12.00352922,12.04161517,711700
5/10/2016,12.37170506,12.37805292,12.14953463,12.2066642,747200
5/11/2016,12.13048744,12.34630991,12.11779172,12.34630991,420100
5/12/2016,12.02892685,12.20983673,12.00353539,12.14953263,498200
5/13/2016,11.9971838,12.04796548,11.89562043,12.04796548,306500
5/16/2016,12.07336617,12.10510429,11.93371552,11.99084511,462600
5/17/2016,11.82580185,12.13049333,11.74010869,12.06066802,456900
5/18/2016,11.80675125,11.85753293,11.62266692,11.78770767,500200
5/19/2016,11.49571609,11.80675409,11.46397678,11.72423309,600900
5/20/2016,11.55285263,11.6480682,11.44494133,11.50207091,621300
5/23/2016,11.54649734,11.68614668,11.40049894,11.57823545,796300
5/24/2016,11.73692894,11.79405849,11.50841073,11.58458387,762400
5/25/2016,11.87023258,11.87023258,11.68614819,11.75597347,438500
5/26/2016,11.60997486,11.85118757,11.60997486,11.85118757,631700
5/27/2016,11.70518684,11.75596852,11.61631801,11.61631801,356900
5/31/2016,11.63498402,11.74348364,11.60945534,11.62221907,762200
6/1/2016,11.77540207,11.81688635,11.61584378,11.66051991,713700
6/2/2016,11.95410061,11.95410061,11.69880772,11.72433762,867700
6/3/2016,11.95410061,12.04664466,11.82645477,12.03707156,468200
6/6/2016,11.8328371,12.05621762,11.74986616,11.94771799,484500
6/7/2016,11.82645798,11.88389904,11.74348701,11.84560419,505600
6/8/2016,11.82006931,11.87751035,11.74348086,11.82645179,399100
6/9/2016,11.77540207,11.84560689,11.69881356,11.84560689,366200
6/10/2016,11.48819542,11.72434219,11.48181294,11.72434219,521900
6/13/2016,11.48181438,11.59669655,11.43713826,11.48819686,479900
6/14/2016,11.45627594,11.5073345,11.29990841,11.44989347,719200
6/15/2016,11.59669399,11.66690001,11.43713574,11.46266443,828400
6/16/2016,11.64136505,11.65413,11.41160087,11.6094539,636500
6/17/2016,11.7371006,11.88389507,11.63498345,11.67965955,1147200
6/20/2016,11.84560394,11.94133865,11.7817804,11.8073103,791500
6/21/2016,11.87112904,11.9119754,11.67327723,11.89027524,718700
6/22/2016,11.87752056,11.96687282,11.85199065,11.96049034,593400
6/23/2016,11.95410061,11.98601298,11.80092488,11.94133566,567500
6/24/2016,11.80092525,11.9987771,11.64136704,11.74986668,1158500
6/27/2016,11.42437363,11.724344,11.36055007,11.71157904,757000
6/28/2016,11.69880199,11.82644898,11.54562634,11.54562634,722800
6/29/2016,11.96192169,11.99400913,11.73731577,11.83357562,1023600
6/30/2016,12.07101345,12.07743094,11.80148518,11.93624993,705300
7/1/2016,12.13518906,12.16727526,12.03251172,12.05818167,863500
7/5/2016,12.19936466,12.26032896,12.07743485,12.07743485,1081400
7/6/2016,12.21861935,12.24428808,12.14481884,12.15444568,723400
7/7/2016,12.26353455,12.29562075,12.14160477,12.25069957,632300
7/8/2016,12.41113949,12.4496432,12.21861972,12.3148796,686300
7/11/2016,12.50739288,12.50739288,12.35979439,12.44321925,626500
7/12/2016,12.55231857,12.55552793,12.417555,12.50739738,859000
7/13/2016,12.64215851,12.64215851,12.4175514,12.53948118,1094500
7/14/2016,12.6549921,12.67424456,12.52022857,12.61648841,826700
7/15/2016,12.75767136,12.76408884,12.54589919,12.6614115,826900
7/18/2016,12.75125217,12.92451938,12.71274726,12.72558223,1428300
7/19/2016,12.86034966,12.8731834,12.69991616,12.76408858,1051300
7/20/2016,12.89243412,12.93093781,12.81542551,12.83467797,1073400
7/21/2016,13.00153351,13.00153351,12.84751747,12.88602117,1502600
7/22/2016,13.06569862,13.11061979,12.93093391,12.98869004,1001800
7/25/2016,13.04644871,13.14270854,13.00794502,13.09136988,796500
7/26/2016,12.89885044,13.04709031,12.83467681,13.04003145,853600
7/27/2016,13.04644871,13.07532678,12.83467659,12.89885022,1017700
7/28/2016,13.21330261,13.25180631,12.9758605,13.02719917,2282100
7/29/2016,13.1359148,13.28423362,13.11656839,13.1359148,915100
8/1/2016,13.20040131,13.20685011,12.99404447,13.09077408,658400
8/2/2016,13.03273964,13.18750854,12.99404803,13.08433009,854400
8/3/2016,12.89086628,13.05208272,12.83282826,13.0327363,529700
8/4/2016,12.97470379,12.97470379,12.77479445,12.89731933,732200
8/5/2016,12.9618063,13.01984433,12.87797303,13.01339553,642200
8/8/2016,12.96824932,13.09077292,12.92310892,12.94890291,806700
8/9/2016,12.89731789,13.155264,12.82638224,13.05853436,800900
8/10/2016,12.84572887,12.9295609,12.74899923,12.86507529,632600
8/11/2016,12.62647247,12.87152094,12.56198565,12.83282933,760100
8/12/2016,12.69096279,12.84573048,12.66839258,12.68451398,465500
8/15/2016,12.74899673,12.86184775,12.6941825,12.81348356,813900
8/16/2016,12.76189613,12.81348535,12.71675449,12.74899852,641700
8/17/2016,12.74899673,12.78768834,12.61357428,12.76189435,550400
8/18/2016,12.81993389,12.85862673,12.71675544,12.71675544,589700
8/19/2016,12.88441849,12.88441849,12.65871521,12.72965084,679900
8/22/2016,12.8715229,12.89731813,12.73932544,12.87797171,634700
8/23/2016,12.75544643,12.94245688,12.72965121,12.83282964,599100
8/24/2016,12.67806244,12.75544688,12.65871602,12.69096005,350300
8/25/2016,12.70386314,12.75867617,12.6522739,12.6716191,355300
8/26/2016,12.69096279,12.76834602,12.54909149,12.71675679,463400
8/29/2016,12.65227032,12.76834515,12.60712867,12.70385954,811700
8/30/2016,12.64581966,12.69096008,12.52974361,12.69096008,643200
8/31/2016,12.71711636,12.80137805,12.5226643,12.63933529,2345400
9/1/2016,12.27636051,12.47081134,12.15968952,12.44488514,2306000
9/2/2016,12.14672661,12.38006861,12.05598305,12.28932381,1619700
9/6/2016,12.12728119,12.21802599,12.00412957,12.15320863,1438300
9/7/2016,12.05597973,12.14672326,12.0041261,12.1013515,1185200
9/8/2016,12.04301929,12.08190922,11.90042209,12.00412937,1371100
9/9/2016,11.82264423,11.98468706,11.73838251,11.96524147,1393100
9/12/2016,12.03653622,12.05598179,11.76430433,11.85504911,1876800
9/13/2016,11.79671669,12.02357563,11.75134367,12.00413128,1224500
9/14/2016,11.8485651,11.96523483,11.78374776,11.84208324,1132800
9/15/2016,11.96523857,11.98468415,11.81615951,11.88097687,957100
9/16/2016,11.90042496,11.98468668,11.82264386,11.93283303,844600
9/19/2016,11.98468399,12.02357391,11.89394043,11.92634849,853000
9/20/2016,11.99764824,12.00737041,11.9133853,11.99116638,1087700
9/21/2016,12.12080002,12.12080002,11.93607135,11.97171973,1079200
9/22/2016,12.18561172,12.2439472,12.12079563,12.12079563,1177200
9/23/2016,12.23099136,12.24395385,12.08191104,12.14024655,1349300
9/26/2016,12.08839226,12.23747133,12.04302047,12.17913706,1448000
9/27/2016,12.00412846,12.10135387,11.95875668,12.08190829,944100
9/28/2016,12.07542324,12.12079624,11.95875352,12.02356962,689600
9/29/2016,12.03653622,12.09487171,12.00412816,12.06894551,744900
9/30/2016,12.06260014,12.12125145,11.91923095,12.09518365,1042300
10/3/2016,12.01698971,12.05609019,11.93552964,12.03002237,1204500
10/4/2016,11.90620708,12.03654248,11.81497094,12.00395894,1116500
10/5/2016,11.84103489,11.95833758,11.76934964,11.92575281,1530600
10/6/2016,11.92575359,11.94530446,11.67811553,11.77586736,1342400
10/7/2016,11.87362385,12.02351138,11.78890589,11.91924255,861600
10/10/2016,12.0104723,12.01373015,11.87361874,11.8801357,650100
10/11/2016,11.91271687,12.01372652,11.74002073,11.96485124,1092000
10/12/2016,11.96485233,12.02350367,11.86384143,11.91271795,728600
10/13/2016,12.05609131,12.08215913,11.89317116,11.95833947,1044900
10/14/2016,11.98440838,12.08216148,11.96485875,12.04305974,641600
10/17/2016,11.92575359,12.01047276,11.88665311,11.97137228,601600
10/18/2016,11.99743748,12.02350529,11.8931687,11.94530309,901200
10/19/2016,12.0104723,12.05608974,11.93227009,11.99092143,846000
10/20/2016,11.88013268,12.04305277,11.76934696,12.03653581,574300
10/21/2016,11.86058807,11.86058807,11.78238585,11.83452025,647900
10/24/2016,11.91923904,11.99744002,11.86058769,11.89317122,695700
10/25/2016,11.82148361,11.9387863,11.79541704,11.90620277,513300
10/26/2016,11.71721649,11.84103615,11.67811601,11.80193566,640000
10/27/2016,11.61294937,11.70418427,11.50216361,11.67811769,775600
10/28/2016,11.61946297,11.68463126,11.56732858,11.63249687,520000
10/31/2016,11.81606674,11.82262045,11.59979936,11.67188765,841300
11/1/2016,11.65223217,11.83573108,11.54082158,11.78330264,657300
11/2/2016,11.58014011,11.71121181,11.55064904,11.64567596,655000
11/3/2016,11.45562744,11.62602022,11.44252002,11.59980662,690100
11/4/2016,11.59980488,11.63257219,11.4425183,11.44907201,459800
11/7/2016,11.73742294,11.81606619,11.64567353,11.69810194,806500
11/8/2016,11.67189312,11.71776785,11.51460779,11.71776785,959700
11/9/2016,11.54737282,11.61290742,11.4031937,11.50805056,1246700
11/10/2016,11.43596268,11.55720319,11.3507657,11.53426583,1398300
11/11/2016,11.48839188,11.55392648,11.37042759,11.39664118,1239700
11/14/2016,11.9012661,11.92748094,11.5014985,11.64567763,2784700
11/15/2016,11.65878487,11.96024805,11.48839214,11.92748075,1780100
11/16/2016,11.61291027,11.7767493,11.5998041,11.68499985,1260500
11/17/2016,11.64567566,11.78329981,11.58013981,11.64567566,1269600
11/18/2016,11.65878487,11.72431947,11.62601631,11.67844475,1059400
11/21/2016,11.67844582,11.7570891,11.63257109,11.6391248,1410900
11/22/2016,11.8881588,11.90126622,11.63257033,11.63257033,894100
11/23/2016,11.92748356,11.92748356,11.77019697,11.91437613,967900
11/25/2016,12.02578163,12.04871899,11.91437107,11.92747849,470700
11/28/2016,11.96680546,12.12409081,11.96025175,12.05855493,1030200
11/29/2016,12.31414127,12.32724745,12.02578425,12.1175337,2172300
11/30/2016,12.1494236,12.40637955,12.03873394,12.31413921,2776800
12/1/2016,12.48544693,12.48544693,12.05718523,12.14942685,2468800
12/2/2016,12.61721802,12.62380679,12.24825533,12.25484411,3715100
12/5/2016,12.80169582,12.82804966,12.57109375,12.62380269,3835200
12/6/2016,12.89394093,12.97300499,12.72922528,12.78193423,3172200
12/7/2016,13.0059433,13.03691041,12.8675828,12.88734787,1836900
12/8/2016,12.95981979,13.03888381,12.88734455,12.9927624,1248000
12/9/2016,12.99936199,13.03559964,12.91436889,12.97959691,1727100
12/12/2016,12.99936199,13.04548218,12.90712161,12.95983058,1572900
12/13/2016,12.97300243,13.02571138,12.90711594,12.9927675,1664700
12/14/2016,12.87417126,13.07182946,12.86099371,12.96641159,1658700
12/15/2016,12.8148756,12.9202935,12.70945771,12.88076084,1418400
12/16/2016,12.88075829,12.96641109,12.80828428,12.81487306,4697900
12/19/2016,12.97958851,13.01253112,12.88075815,12.88075815,1169100
12/20/2016,12.96641445,13.07842113,12.85440777,12.9532369,1091300
12/21/2016,12.95323372,13.03888653,12.9202911,12.95323372,1146500
12/22/2016,12.96641445,13.03888973,12.88076162,12.95982568,1635300
12/23/2016,13.03889084,13.05206713,12.89394027,12.94664922,1003800
12/27/2016,13.0718317,13.11465812,13.01912276,13.03888908,769200
12/28/2016,13.03889084,13.07512722,12.98618063,13.04547836,911500
12/29/2016,13.17133331,13.19782227,13.0388923,13.0388923,1000200
12/30/2016,13.23092747,13.24417194,13.12497419,13.18457307,1522300
1/3/2017,13.38323593,13.38323593,13.17132937,13.23092825,2407400
1/4/2017,13.48257065,13.48257065,13.27728502,13.37661735,1997000
1/5/2017,13.32363892,13.46932437,13.25079556,13.35012661,1989400
1/6/2017,13.29052734,13.33025951,13.20444078,13.29052734,1523200
1/9/2017,13.29052734,13.31039406,13.16470735,13.29714958,1489400
1/10/2017,13.4163475,13.48720406,13.25079534,13.31039422,1972600
1/11/2017,13.37661457,13.46932337,13.31701569,13.44283442,1526500
1/12/2017,13.33687687,13.40309796,13.23092363,13.37661028,855400
1/13/2017,13.3302536,13.40309692,13.28389922,13.33687584,544200
1/17/2017,13.3302536,13.42627412,13.26403378,13.33687584,1284900
1/18/2017,13.37661457,13.39648002,13.25079458,13.32363793,1061300
1/19/2017,13.27728271,13.37661502,13.24417279,13.37661502,742200
1/20/2017,13.38323593,13.40972488,13.26403944,13.27728265,1322400
1/23/2017,13.45608139,13.48257035,13.37661705,13.38323802,1394700
1/24/2017,13.42958832,13.53222982,13.38323266,13.44945376,1246600
1/25/2017,13.51568031,13.52230255,13.36999484,13.3898603,950800
1/26/2017,13.66799068,13.69447965,13.47595077,13.50243847,1849200
1/27/2017,13.52230072,13.68785288,13.46932408,13.67460841,963800
1/30/2017,13.3501358,13.48257813,13.29053688,13.4627114,1330200
1/31/2017,13.25741959,13.36999513,13.21768615,13.35012841,1185300
2/1/2017,13.10434151,13.39052082,13.05109893,13.31731181,1292500
2/2/2017,13.17090034,13.20417649,13.05775967,13.12431196,1239500
2/3/2017,13.27072048,13.39051655,13.21747792,13.24409857,1197400
2/6/2017,13.21082592,13.37255041,13.19751496,13.26406849,862100
2/7/2017,13.27739143,13.41715283,13.19752687,13.27073595,942900
2/8/2017,13.3173151,13.35059124,13.19086348,13.27738348,791200
2/9/2017,13.39717102,13.39717102,13.2507543,13.30399686,850200
2/10/2017,13.53694057,13.54359606,13.35724637,13.39717799,1483600
2/13/2017,13.58353043,13.59684139,13.45707878,13.48370072,1013300
2/14/2017,13.623456,13.64009534,13.42379667,13.49700568,1143200
2/15/2017,13.63011265,13.64675072,13.44376426,13.57687007,1144200
2/16/2017,13.58353043,13.72662014,13.55025428,13.61680657,1524900
2/17/2017,13.47038555,13.58352619,13.46373007,13.56355975,1542400
2/21/2017,13.61680698,13.66339537,13.43711401,13.47039015,1126100
2/22/2017,13.56356621,13.65008624,13.5103236,13.59018815,743500
2/23/2017,13.4171505,13.63677642,13.41049501,13.57687833,1302500
2/24/2017,13.43711758,13.46373825,13.34394205,13.37721948,894200
2/27/2017,13.45707989,13.51032249,13.3838721,13.43711471,1147600
2/28/2017,13.07106972,13.40716464,12.94528451,13.35059367,6599800
3/1/2017,13.23830509,13.23830509,13.03093306,13.07107032,1508300
3/2/2017,13.14465046,13.22157829,13.09113539,13.17140863,925800
3/3/2017,12.74997902,13.04163702,12.6897744,12.98410796,1788600
3/6/2017,12.71652794,12.81017897,12.6496338,12.7098384,1381200
3/7/2017,12.80349255,12.85700762,12.6964624,12.72322058,1391200
3/8/2017,12.60280991,12.81018062,12.56267393,12.74328647,1311900
3/9/2017,12.52922821,12.68576073,12.48240268,12.63625836,1111300
3/10/2017,12.50247288,12.66301812,12.39544272,12.6295704,708700
3/13/2017,12.54930115,12.60950579,12.46902787,12.50916515,874300
3/14/2017,12.55598259,12.59611856,12.48239891,12.54929305,480700
3/15/2017,12.74328518,12.79345611,12.59611908,12.62287725,959400
3/16/2017,12.74997902,12.82356273,12.71653257,12.74328947,727900
3/17/2017,12.74997902,12.79011628,12.71653257,12.74997902,1255200
3/20/2017,12.67639923,12.81018631,12.61284919,12.79011895,765900
3/21/2017,12.509161,12.75666773,12.49578191,12.75666773,973000
3/22/2017,12.46233177,12.54929455,12.38874936,12.54929455,1133000
3/23/2017,12.46233177,12.66970376,12.45564351,12.45564351,1083500
3/24/2017,12.46233177,12.51584684,12.40212844,12.46902131,855000
3/27/2017,12.4088192,12.51384363,12.34192631,12.46233427,1335700
3/28/2017,12.44226074,12.47570717,12.35529799,12.40881304,956600
3/29/2017,12.56267929,12.56267929,12.39544448,12.44227002,971300
3/30/2017,12.76336098,12.77005052,12.53592153,12.58274707,972100
3/31/2017,12.84404945,12.85077424,12.73645543,12.76335329,1212400
4/3/2017,12.78352737,12.83732439,12.71628079,12.8305996,904200
4/4/2017,12.73645878,12.80370538,12.68266175,12.77008144,712000
4/5/2017,12.68938732,12.83732884,12.67593774,12.81042968,1402500
4/6/2017,12.82387257,12.83059735,12.6355837,12.67593113,864500
4/7/2017,12.70956039,12.84069058,12.70283561,12.82387925,980900
4/10/2017,12.81715679,12.83060637,12.69611313,12.69611313,836000
4/11/2017,12.87094975,12.90053856,12.79025485,12.81715272,610600
4/12/2017,12.82387257,12.9112935,12.79024992,12.88439435,883500
4/13/2017,12.79697704,12.84068623,12.76335311,12.81042533,524500
4/17/2017,12.86422825,12.87095304,12.79025812,12.84405516,749600
4/18/2017,12.79025269,12.89112193,12.74318046,12.85749927,752900
4/19/2017,12.88440228,12.92138798,12.76335862,12.83060524,806500
4/20/2017,12.89784718,12.91802026,12.78352836,12.91802026,719100
4/21/2017,12.86422825,12.91130178,12.83060558,12.90457699,651000
4/24/2017,12.9045763,12.9180246,12.71628604,12.9180246,1001700
4/25/2017,12.99199104,13.03906327,12.91129616,12.93146924,796700
4/26/2017,13.0188961,13.09959102,12.93147511,12.97182385,786100
4/27/2017,12.98526287,13.11303123,12.9650898,13.06595901,788500
4/28/2017,12.66080761,13.01230926,12.64526124,13.01230926,1379600
5/1/2017,12.77572155,12.83655842,12.64728801,12.70812488,737600
5/2/2017,12.84331512,12.85683471,12.7284012,12.77571847,821500
5/3/2017,12.83656025,12.86359944,12.74192567,12.85007984,968400
5/4/2017,12.83656025,12.84332005,12.70812669,12.83656025,961600
5/5/2017,12.95147228,13.03258854,12.84331813,12.85007792,973100
5/8/2017,12.6946106,12.94471668,12.6405335,12.94471668,1026700
5/9/2017,12.57292938,12.75543995,12.51209253,12.72840078,956500
5/10/2017,12.57969761,12.63377471,12.50534111,12.56617801,853000
5/11/2017,12.58644772,12.58644772,12.36337969,12.54588896,1354000
5/12/2017,12.47829342,12.57968904,12.44449574,12.56616945,684200
5/15/2017,12.59320831,12.66756476,12.49181397,12.50533356,882300
5/16/2017,12.51885414,12.65404617,12.50533455,12.59320931,1115300
5/17/2017,12.37689877,12.50533227,12.34310109,12.48505289,1572100
5/18/2017,12.63376999,12.68784707,12.39042249,12.44449957,1889000
5/19/2017,12.6946106,12.77910614,12.60673451,12.66081161,669900
5/22/2017,12.72164631,12.83656028,12.69460841,12.71488651,803600
5/23/2017,12.71487999,12.80951581,12.69798115,12.78923643,787900
5/24/2017,12.87711334,12.87711334,12.73516152,12.76895921,1131700
5/25/2017,12.70812416,12.93119226,12.67432647,12.89063477,813800
5/26/2017,12.73516273,12.75544212,12.66756607,12.70812355,427000
5/30/2017,12.70136642,12.7824814,12.67500283,12.7554435,721500
5/31/2017,12.72174835,12.76252412,12.63000482,12.74213624,1263400
6/1/2017,12.81689072,12.86446115,12.68097408,12.75572836,794800
6/2/2017,12.81009674,12.87805507,12.77611693,12.8168927,590100
6/5/2017,12.78291416,12.86446443,12.74893564,12.81009802,764600
6/6/2017,12.71495628,12.78291462,12.61301942,12.78291462,671100
6/7/2017,12.70136929,12.74214378,12.65719616,12.71495992,821900
6/8/2017,12.85086918,12.87805303,12.66058614,12.70136191,718200
6/9/2017,12.93922234,13.03436326,12.83728415,12.88485461,1055200
6/12/2017,12.99358654,13.05474762,12.94601479,12.94601479,930900
6/13/2017,13.17707157,13.17707157,12.91203547,13.00717637,1158900
6/14/2017,13.18386936,13.22464385,13.10911634,13.1770734,1015500
6/15/2017,13.14308643,13.19065686,13.11590259,13.11590259,623000
6/16/2017,13.16348171,13.16348171,13.07513548,13.16348171,1280900
6/19/2017,13.31298542,13.31978138,13.12270237,13.15668218,1086000
6/20/2017,13.23143673,13.30619103,13.12610254,13.27900847,816200
6/21/2017,13.07513142,13.27221042,13.00717309,13.23823062,500000
6/22/2017,12.99358654,13.08872745,12.96640268,13.06833955,921000
6/23/2017,12.97319889,13.06154383,12.95960696,12.99358678,2990900
6/26/2017,13.05474758,13.0887274,12.97999457,13.02076906,588100
6/27/2017,12.92562389,13.08192713,12.91882793,13.04794861,627900
6/28/2017,13.08872223,13.20425098,12.9426123,12.97998944,1210000
6/29/2017,12.87012291,13.10921781,12.78541472,13.10921781,858600
6/30/2017,12.7813139,12.92477134,12.74715805,12.89744561,797200
7/3/2017,12.99991894,13.02724336,12.8018113,12.83596847,437000
7/5/2017,12.78814507,12.99718189,12.76765208,12.95892692,866800
7/6/2017,12.66518974,12.84963325,12.6173697,12.75399578,824000
7/7/2017,12.69934177,12.76423842,12.64537437,12.69934177,562900
7/10/2017,12.51489735,12.73691434,12.51489735,12.71300497,871600
7/11/2017,12.57638168,12.59004455,12.49440708,12.54222582,669800
7/12/2017,12.58321285,12.78336878,12.57296635,12.64469445,802400
7/13/2017,12.65835571,12.65835571,12.57637982,12.60370555,636100
7/14/2017,12.76082802,12.79156882,12.68568354,12.69934641,1118500
7/17/2017,12.89062023,13.02041356,12.67884971,12.7813186,1031500
7/18/2017,12.71301079,12.87012989,12.71301079,12.85646702,888300
7/19/2017,12.70616913,12.75398784,12.66859692,12.73349355,769700
7/20/2017,12.43975639,12.71300855,12.43975639,12.71300855,1122400
7/21/2017,12.48756981,12.52855709,12.41925681,12.46707552,706200
7/24/2017,12.39876461,12.53539064,12.37827162,12.48757192,616200
7/25/2017,12.46024513,12.46707656,12.39876355,12.43975084,885900
7/26/2017,12.30996323,12.50806961,12.30313179,12.47391374,747300
7/27/2017,12.47391605,12.49782543,12.23482102,12.31679694,629200
7/28/2017,12.53539181,12.57023042,12.48074165,12.50123465,674100
7/31/2017,12.61053181,12.63785753,12.44658138,12.57637596,748800
8/1/2017,12.68609047,12.68609047,12.54872156,12.67922183,649900
8/2/2017,12.54872131,12.70669614,12.48690485,12.69295886,506800
8/3/2017,12.4319582,12.57619576,12.40791861,12.5487225,545300
8/4/2017,12.48690414,12.54528563,12.40791674,12.45256094,595600
8/7/2017,12.5212431,12.56245493,12.44569068,12.51437446,505700
8/8/2017,12.30145264,12.69295595,12.17781974,12.56932305,1526200
8/9/2017,12.19842625,12.32205915,12.15034707,12.30145323,1001900
8/10/2017,12.08166599,12.17782437,12.04045545,12.15035111,1234300
8/11/2017,12.28085041,12.30832498,12.01297992,12.01984856,2966400
8/14/2017,12.34266472,12.4250871,12.2877169,12.37700792,899400
8/15/2017,12.4319582,12.4663001,12.1984296,12.37014173,1456100
8/16/2017,12.49376869,12.5143733,12.45599183,12.48690005,831800
8/17/2017,12.38387394,12.56932196,12.3770053,12.49376955,730700
8/18/2017,12.30832481,12.45256237,12.27398291,12.36327264,962900
8/21/2017,12.30832481,12.34953536,12.21903509,12.29458753,710000
8/22/2017,12.37014008,12.41066414,12.30832361,12.33579687,620400
8/23/2017,12.31518841,12.41134674,12.30831977,12.34953029,548600
8/24/2017,12.29458523,12.40448086,12.263677,12.36327033,919400
8/25/2017,12.28771687,12.34953332,12.24650633,12.32892871,510500
8/28/2017,12.19155884,12.33579637,12.17095291,12.3220604,688700
8/29/2017,12.23277283,12.2602474,12.14348309,12.15722037,762200
8/30/2017,12.35640049,12.37700641,12.23276759,12.30832132,650700
8/31/2017,12.55669975,12.56360679,12.35639973,12.42546875,1949200
9/1/2017,12.57051659,12.60505044,12.49108634,12.52216734,650400
9/5/2017,12.46690845,12.61195351,12.41165351,12.57051263,1320400
9/6/2017,12.60505199,12.61886607,12.46691391,12.48763502,1027600
9/7/2017,12.56360435,12.61885929,12.49798821,12.5981382,812300
9/8/2017,12.66720963,12.73282447,12.51525884,12.53597862,808700
9/11/2017,12.83988094,12.89858875,12.7266085,12.74318511,1226100
9/12/2017,12.83297348,12.92966931,12.78462557,12.85369458,1278300
9/13/2017,12.99874401,13.01255808,12.83988614,12.85370021,1831800
9/14/2017,12.94348717,12.99183509,12.84679131,12.99183509,975700
9/15/2017,12.957304,13.01601183,12.91240892,12.95039696,4277800
9/18/2017,12.90895653,13.04709331,12.88132838,13.00565241,1066500
9/19/2017,12.83988094,12.94348381,12.784626,12.92276271,1116600
9/20/2017,12.92967224,12.93657928,12.81916232,12.86751025,629900
9/21/2017,12.8744154,12.97111255,12.86750836,12.92276331,832700
9/22/2017,12.88132763,12.92967557,12.84886601,12.8951417,552000
9/25/2017,12.88132763,13.02637276,12.88132763,12.8951417,1375400
9/26/2017,12.95039845,13.04364147,12.8606096,12.9020505,1039800
9/27/2017,12.97111988,12.99874671,12.90205082,12.95730581,1032200
9/28/2017,13.05399418,13.05399418,12.90204339,12.95729835,894400
9/29/2017,13.06090069,13.08852882,12.99183167,13.01945981,930700
10/2/2017,13.09544182,13.12306997,13.03328112,13.05400091,1015000
10/3/2017,13.03294468,13.13362571,12.96350944,13.13015322,989200
10/4/2017,13.09543419,13.12320748,12.95656374,13.01905531,938300
10/5/2017,13.13710213,13.19265007,13.0607232,13.12321481,964900
10/6/2017,13.10238171,13.13709867,13.05377611,13.09543805,1160800
10/9/2017,13.10238171,13.12321135,13.03294646,13.10238171,674300
10/10/2017,13.15793324,13.17181923,13.11627128,13.12321494,642700
10/11/2017,13.18570709,13.19265075,13.1371028,13.14404646,726600
10/12/2017,13.35928822,13.36623187,13.14404018,13.14404018,1119600
10/13/2017,13.34540367,13.38706562,13.22042181,13.36623464,960300
10/16/2017,13.27597046,13.36623536,13.24819583,13.35234805,688000
10/17/2017,13.22736263,13.30721402,13.19264567,13.26902457,747500
10/18/2017,13.32457256,13.35928952,13.23083518,13.24819366,541300
10/19/2017,13.33845901,13.34887516,13.22042082,13.24819412,596000
10/20/2017,13.22736263,13.35928946,13.1440414,13.35928946,771000
10/23/2017,13.11627293,13.29680411,13.09891444,13.2690308,844600
10/24/2017,13.22042656,13.24819987,13.11627298,13.13710396,756200
10/25/2017,13.13015079,13.23430297,13.03988593,13.21347333,891400
10/26/2017,13.11627293,13.14404757,13.03295166,13.13016025,704700
10/27/2017,13.12321186,13.14404283,13.02947447,13.09543856,574700
10/30/2017,13.03294468,13.13709687,12.97739675,13.13709687,872800
10/31/2017,13.15098286,13.16834133,12.9642021,13.04683067,1047500
11/1/2017,13.21347904,13.21347904,13.09891067,13.17876075,1091600
11/2/2017,13.20649719,13.2679223,13.10947276,13.26233856,798300
11/3/2017,13.17159748,13.2413982,13.13669579,13.15065647,543800
11/6/2017,13.19951248,13.2483735,13.13669079,13.20649282,805000
11/7/2017,13.30422211,13.54154832,13.15763897,13.17159965,1714200
11/8/2017,13.45080566,13.49268637,13.31818189,13.33214256,1551700
11/9/2017,13.42288589,13.47174694,13.38798553,13.42986623,1246900
11/10/2017,13.35308647,13.40892787,13.30422541,13.30422541,665300
11/13/2017,13.42986202,13.47174272,13.38100099,13.38100099,1040600
11/14/2017,13.41590023,13.44033074,13.33911919,13.36005887,728000
11/15/2017,13.38100433,13.44382606,13.32516295,13.40892436,834700
11/16/2017,13.44382191,13.45778258,13.36005919,13.37401987,1155700
11/17/2017,13.48570442,13.48570442,13.40194303,13.40892203,862200
11/20/2017,13.51363087,13.57575364,13.45080913,13.51363087,1360500
11/21/2017,13.61135197,13.61135197,13.43684745,13.51362987,1221300
11/22/2017,13.55550385,13.61134521,13.50734045,13.61134521,740400
11/24/2017,13.5904026,13.60436328,13.52060191,13.57644326,384900
11/27/2017,13.56248665,13.59040667,13.52758496,13.59040667,804800
11/28/2017,13.51363087,13.59739229,13.42288777,13.59739229,835300
11/29/2017,13.53456688,13.59040826,13.48570584,13.51362719,861100
11/30/2017,13.59738541,13.59738541,13.47872234,13.58342473,1610000
12/1/2017,13.58336163,13.64650752,13.40795665,13.63949116,1051600
12/4/2017,13.66754723,13.7447258,13.58335364,13.61843408,1420500
12/5/2017,13.60440445,13.67456668,13.57634036,13.67456668,931300
12/6/2017,13.65351582,13.70263031,13.54827315,13.60440266,1413800
12/7/2017,13.80787468,13.83593877,13.62545341,13.64650248,2131900
12/8/2017,13.84996891,13.87803433,13.76577532,13.7938394,3112600
12/11/2017,13.72367573,13.89206423,13.69561165,13.814887,2050000
12/12/2017,13.78682327,13.84295278,13.71666105,13.75174283,992100
12/13/2017,13.75875854,13.82190441,13.74472583,13.78682263,1187400
12/14/2017,13.84295559,13.86400466,13.68859975,13.76577834,1486200
12/15/2017,13.9271431,13.96923988,13.8569809,13.86399725,2144800
12/18/2017,14.05343914,14.13763273,13.94679268,13.96222786,2020400
12/19/2017,13.75875854,14.06045514,13.7096454,14.06045514,1328200
12/20/2017,13.70964527,13.84996836,13.70964527,13.81488793,1092300
12/21/2017,13.7166605,13.75524979,13.66754735,13.74472592,950500
12/22/2017,13.78682327,13.83593642,13.68859697,13.74472648,792700
12/26/2017,13.78682327,13.84996914,13.75174283,13.75174283,673800
12/27/2017,13.82190609,13.83593746,13.75876022,13.78682431,688700
12/28/2017,13.89206982,13.89206982,13.77279441,13.80085984,1108700
12/29/2017,13.75875854,13.91311435,13.75174219,13.89206528,922200
1/2/2018,13.8222332,13.8715981,13.70939875,13.8222332,1140800
1/3/2018,13.77991676,13.8645419,13.70939492,13.81517701,868800
1/4/2018,13.61066246,13.80812334,13.58950685,13.78696639,1500100
1/5/2018,13.58950615,13.66002798,13.54014127,13.63181871,1358600
1/8/2018,13.73760223,13.73760223,13.55424598,13.56835062,1236000
1/9/2018,13.73760223,13.8151764,13.70375164,13.77991615,1184100
1/10/2018,13.73760223,13.80107176,13.63182014,13.71644662,1180100
1/11/2018,13.87159157,13.89979949,13.75170486,13.75170486,1217900
1/12/2018,13.78696251,13.92095383,13.75875459,13.89274591,989800
1/16/2018,13.83633041,13.9491648,13.76228175,13.78696419,1471100
1/17/2018,14.04084587,14.09726308,13.836334,13.88569889,1543300
1/18/2018,13.85043621,14.05494941,13.80812364,14.05494941,1416300
1/19/2018,13.94917107,13.95622339,13.78697039,13.82928431,1173100
1/22/2018,13.94211388,13.959744,13.85748741,13.95621851,1149700
1/23/2018,14.06906128,14.06906128,13.88147328,13.92801753,1239200
1/24/2018,14.18893909,14.19599007,14.04789543,14.06200007,1720200
1/25/2018,14.10432053,14.23831195,14.03379865,14.21010266,1403100
1/26/2018,14.04084587,14.13957565,13.94916841,14.13252467,943200
1/29/2018,13.92095852,14.02039447,13.86454131,14.01263732,1437300
1/30/2018,13.75170994,13.91390927,13.73055298,13.88570133,1092700
1/31/2018,13.74465847,13.96327503,13.66003331,13.78697105,2226900
2/1/2018,13.56744099,13.78718631,13.56744099,13.74465417,1504400
2/2/2018,13.27681351,13.55326704,13.23428271,13.53908966,1820300
2/5/2018,12.87985611,13.31225677,12.78061715,13.26263594,1761400
2/6/2018,12.99327087,13.02162563,12.51833948,12.75934952,2561900
2/7/2018,12.83732033,13.17048055,12.83023164,12.97200134,1651800
2/8/2018,12.53960609,12.8869438,12.53960609,12.8869438,1947200
2/9/2018,12.76644135,12.83023822,12.3978375,12.61758153,1762600
2/12/2018,12.78061485,12.83377799,12.44674475,12.83023433,1931600
2/13/2018,12.87276745,12.91529824,12.65302345,12.74517372,1290100
2/14/2018,12.91529942,12.91529942,12.72391016,12.78770703,1169400
2/15/2018,12.9790926,13.08258503,12.83732287,12.95073919,1152100
2/16/2018,13.02162743,13.09251163,12.94436164,12.98618397,873800
2/20/2018,12.87276745,13.04998066,12.85859007,13.00744987,1267100
2/21/2018,12.73808289,12.90820738,12.73808289,12.76643764,1357800
2/22/2018,12.7026453,12.83023905,12.65656948,12.77353087,1095700
2/23/2018,12.60340214,12.69200873,12.53606026,12.66719899,1412300
2/26/2018,12.42618847,12.59631296,12.36948031,12.59631296,1879800
2/27/2018,12.11429214,12.44745241,12.09302608,12.40492163,2172300
2/28/2018,12.0434103,12.19227011,12.01505689,12.10720717,3153200
3/1/2018,12.06479931,12.1860178,12.00062474,12.01488605,1579000
3/2/2018,12.1147089,12.20027543,11.92218524,12.02914374,3432400
3/5/2018,12.06479931,12.17888714,12.0077554,12.10045124,1809100
3/6/2018,12.12897491,12.17175751,12.04340836,12.07906166,1904700
3/7/2018,12.27871418,12.30010616,12.06836448,12.07906115,3394200
3/8/2018,12.26445293,12.3357568,12.21453832,12.3357568,1235000
3/9/2018,12.39280701,12.40706833,12.21454453,12.28584979,1602000
3/12/2018,12.34289169,12.47124088,12.26445714,12.42845827,1543600
3/13/2018,12.39280701,12.43630364,12.30367577,12.37141638,1147300
3/14/2018,12.39993477,12.44628338,12.33576018,12.39993477,1016900
3/15/2018,12.41419411,12.43558609,12.30010627,12.43558609,1199000
3/16/2018,12.50688934,12.53541062,12.41347949,12.44984408,1560200
3/19/2018,12.49263191,12.54610983,12.36784739,12.52115319,1156900
3/20/2018,12.35714722,12.53540958,12.30010331,12.49975765,1104400
3/21/2018,12.36428261,12.42845719,12.27871604,12.35002129,1137100
3/22/2018,12.207407,12.50688782,12.19314568,12.30010283,1632900
3/23/2018,12.01488686,12.30010644,11.94358162,12.23593187,1741800
3/26/2018,12.18601894,12.1931496,12.03627781,12.10758305,1542800
3/27/2018,12.23593235,12.3179329,12.07193125,12.17888843,1381400
3/28/2018,12.39280701,12.55680952,12.27871913,12.30724178,1624800
3/29/2018,12.52828121,12.56393451,12.36071412,12.40706273,1747300
4/2/2018,12.43505764,12.59999752,12.31314526,12.54979855,1672700
4/3/2018,12.67171097,12.72908142,12.4278862,12.4709137,1555000
4/4/2018,12.64302731,12.72908368,12.55697229,12.59282832,2022400
4/5/2018,12.64302731,12.69968103,12.59282832,12.6788847,1235800
4/6/2018,12.55696964,12.67888202,12.51394215,12.57848407,1172200
4/9/2018,12.3776865,12.58565387,12.3776865,12.5641408,1098600
4/10/2018,12.28445339,12.42788014,12.26652539,12.42788014,1049600
4/11/2018,12.40637207,12.47808548,12.24860366,12.26294662,962900
4/12/2018,12.68605328,12.75776668,12.34182921,12.4494,2418600
4/13/2018,12.65736485,12.70397875,12.57848135,12.68605075,1608800
4/16/2018,12.72191334,12.83665427,12.66454287,12.72191334,1102700
4/17/2018,12.75059032,12.82230233,12.70756148,12.77210338,1474500
4/18/2018,12.89401722,12.95855913,12.81369888,12.82230383,1527500
4/19/2018,12.81513596,12.89401946,12.74342256,12.88684799,924100
4/20/2018,12.80796242,12.88684591,12.79361947,12.84381843,1025800
4/23/2018,12.80079269,12.8904341,12.7577652,12.84382018,599100
4/24/2018,12.84382248,12.87250839,12.78645203,12.87250839,1158500
4/25/2018,12.87967777,12.90836368,12.76852329,12.81513721,1132000
4/26/2018,12.89401722,12.93704607,12.83664678,12.90836017,1328300
4/27/2018,12.9442215,12.97290741,12.83665206,12.89402252,1140900
4/30/2018,12.90119076,12.98724711,12.87967633,12.98007563,1404000
5/1/2018,12.94446087,12.98772887,12.80744391,12.91561461,1033000
5/2/2018,12.90119076,13.01296792,12.82907788,12.93724857,1445800
5/3/2018,13.03099632,13.09589902,12.91561406,12.92282562,1102300
5/4/2018,13.18244076,13.23292034,13.00936731,13.05263533,1113500
5/7/2018,13.41319942,13.46367899,13.18964649,13.2112798,1288000
5/8/2018,13.24733734,13.41319915,13.15358841,13.41319915,1085700
5/9/2018,13.3627224,13.4059904,13.1680143,13.24012856,1183800
5/10/2018,13.38435364,13.50694745,13.34108564,13.41319989,1298800
5/11/2018,13.31224251,13.47449927,13.30503232,13.42762616,1051500
5/14/2018,13.24733734,13.36993115,13.19685641,13.33387334,907300
5/15/2018,13.16079807,13.27978677,13.13916339,13.18964432,1840000
5/16/2018,13.26175976,13.31223932,13.20406863,13.23291488,940900
5/17/2018,13.18244076,13.31224481,13.16801763,13.29061149,1107000
5/18/2018,13.26175976,13.26175976,13.15358907,13.21849176,1069700
5/21/2018,13.42761993,13.46367636,13.31223633,13.33387102,1140300
5/22/2018,13.44926071,13.4961352,13.37714644,13.42041583,934500
5/23/2018,13.6800251,13.69444823,13.45647209,13.45647209,1718300
5/24/2018,13.73771191,13.75934659,13.66559903,13.69444391,1119300
5/25/2018,13.74492359,13.77376984,13.69660763,13.70886715,729200
5/29/2018,13.77377129,13.7954046,13.67281077,13.70165703,1064700
5/30/2018,13.85309029,13.90140761,13.78097743,13.80261074,1144300
5/31/2018,13.72329426,13.88194456,13.70887113,13.88194456,2245500
6/1/2018,13.73778915,13.81028297,13.65804429,13.77403606,1458900
6/4/2018,13.77403641,13.81028332,13.7377895,13.77403641,1199100
6/5/2018,13.72328854,13.86320292,13.70153956,13.79578373,1334400
6/6/2018,13.76679134,13.80303965,13.64354987,13.72329476,1047500
6/7/2018,13.75953579,13.79578408,13.5927978,13.78853442,1497300
6/8/2018,13.61454868,13.80303567,13.60004936,13.75228806,929800
6/11/2018,13.57829952,13.70154095,13.54205261,13.62904575,937700
6/12/2018,13.5710535,13.65804805,13.54205625,13.59280249,1110300
6/13/2018,13.46230888,13.61454896,13.36806608,13.59279998,1122700
6/14/2018,13.58555031,13.61454895,13.46230887,13.48405784,853400
6/15/2018,13.44781017,13.5928006,13.4405619,13.57830128,1832200
6/18/2018,13.36806297,13.50942784,13.30281744,13.43330851,1570000
6/19/2018,13.172328,13.37531428,13.16870386,13.30281908,1809000
6/20/2018,13.25207901,13.33182252,13.19770724,13.20858104,2922800
6/21/2018,13.33181572,13.3426909,13.22307361,13.25207225,1087800
6/22/2018,13.37531757,13.44056313,13.32456995,13.38981551,1397800
6/25/2018,13.33906651,13.43331069,13.32456719,13.36806514,1046500
6/26/2018,13.29557323,13.35356914,13.28107391,13.35356914,977500
6/27/2018,13.21582508,13.36806515,13.20857542,13.3245672,1000300
6/28/2018,13.16507912,13.30281987,13.15782946,13.23032466,1321000
6/29/2018,13.03386497,13.09218199,12.86620373,12.93910034,2809800
7/2/2018,13.01928711,13.05573472,12.88078367,13.01199731,1445000
7/3/2018,13.21610832,13.28171515,13.02657903,13.07031645,1350700
7/5/2018,13.28900242,13.29629222,13.18694799,13.245265,1208800
7/6/2018,13.38376713,13.39105693,13.28171132,13.30358072,1004600
7/9/2018,13.29629135,13.41292538,13.24890834,13.38376757,973000
7/10/2018,13.27442455,13.37648039,13.25255654,13.29629396,969700
7/11/2018,13.11405277,13.35461066,13.11405277,13.25984602,1401600
7/12/2018,13.16508102,13.19424023,13.03386737,13.1286334,1192000
7/13/2018,13.21610832,13.27442535,13.15050288,13.1869505,1055100
7/16/2018,13.16508102,13.23068785,13.13592321,13.21610825,660200
7/17/2018,13.09218121,13.25984383,13.07031319,13.19423702,923300
7/18/2018,13.12134743,13.13592704,12.99742353,13.09218821,979200
7/19/2018,13.26713562,13.33274244,13.08562332,13.12134237,804600
7/20/2018,13.19423866,13.2744237,13.13592164,13.25255568,888300
7/23/2018,13.28170967,13.28170967,13.17965526,13.22339267,773400
7/24/2018,13.13592339,13.29629486,13.13592339,13.29629486,744300
7/25/2018,13.11405277,13.1942392,13.01199833,13.13592218,988100
7/26/2018,13.0848999,13.23798162,13.0739645,13.12134753,568300
7/27/2018,12.9974184,13.14321165,12.975549,13.14321165,721300
7/30/2018,13.04844379,13.09947101,12.96096897,13.01199618,769500
7/31/2018,13.11405277,13.22339702,13.03386635,13.04844595,1249700
8/1/2018,13.26066113,13.26799167,13.05540993,13.09939322,1012900
8/2/2018,13.20935059,13.31564148,13.20202004,13.23134084,890200
8/3/2018,13.092062,13.25332989,13.05540925,13.23133824,849800
8/6/2018,13.09939384,13.14337575,13.03342029,13.106723,822400
8/7/2018,13.06273937,13.16536426,12.99676583,13.14337401,945100
8/8/2018,12.85749245,13.17269774,12.85382647,13.17269774,1605800
8/9/2018,12.72554302,12.88681092,12.71821247,12.84282902,1494300
8/10/2018,12.63757324,12.74752865,12.62291215,12.70354677,1154500
8/13/2018,12.60825539,12.71088027,12.55694155,12.64490673,1225100
8/14/2018,12.78418541,12.82816731,12.71821187,12.72554241,1563700
8/15/2018,12.90880108,12.97477462,12.82816644,12.86481779,1776600
8/16/2018,12.96744061,13.0920571,12.88680599,12.88680599,1405500
8/17/2018,12.93812656,13.04808204,12.91613631,13.01143068,1582100
8/20/2018,12.95278168,12.97477332,12.87214705,12.96744277,1194800
8/21/2018,13.02608967,13.06274102,12.94545502,12.95278557,1125500
8/22/2018,12.96744061,13.07739601,12.95277951,13.05540437,949200
8/23/2018,12.89413738,13.00409279,12.87947629,12.96744146,880700
8/24/2018,12.97477436,12.98943406,12.85748838,12.89413973,679800
8/27/2018,12.99676895,13.04075226,12.91613569,13.04075226,1090400
8/28/2018,13.09939384,13.09939384,12.97477729,13.01142864,867700
8/29/2018,13.15070152,13.18735286,13.10671824,13.12870988,870500
8/30/2018,13.12138271,13.18735626,13.09206191,13.17269516,933600
8/31/2018,13.01081276,13.14350116,12.99606929,13.09190043,1719400
9/4/2018,12.87812042,13.05503777,12.85600663,13.01080879,1012700
9/5/2018,12.99606228,13.04766439,12.84126016,12.87811741,1000800
9/6/2018,12.92235088,13.05872441,12.92235088,13.04029578,728500
9/7/2018,12.90023994,12.90761168,12.81178054,12.90761168,1021600
9/10/2018,12.90760517,12.99606313,12.90023344,12.95183415,632900
9/11/2018,12.84126377,12.93340832,12.81177684,12.90023622,744600
9/12/2018,12.93709755,12.95184102,12.78229534,12.84863955,1229700
9/13/2018,13.05503941,13.1213836,12.93709449,12.98869662,982100
9/14/2018,12.9813242,13.08452564,12.92972347,13.06978217,921100
9/17/2018,12.92972183,13.04029499,12.88549144,12.9960646,981000
9/18/2018,12.90760517,12.92972036,12.85674121,12.90760517,843000
9/19/2018,12.76754475,12.92234827,12.71594404,12.92234827,1078700
9/20/2018,12.84126377,12.84126377,12.69383194,12.76754785,1195800
9/21/2018,12.84863377,12.90023448,12.78966132,12.84126203,1790000
9/24/2018,12.76017857,12.8560097,12.70857784,12.84863796,858600
9/25/2018,12.79703331,12.87811954,12.78228985,12.79703331,853400
9/26/2018,12.6938324,12.8449494,12.69014723,12.78966351,954600
9/27/2018,12.78229141,12.87812112,12.71594723,12.73806242,802200
9/28/2018,12.89286327,12.90023501,12.79334701,12.79703358,1417300
10/1/2018,12.81914711,12.94446373,12.81914711,12.90023475,1138800
10/2/2018,12.78207397,12.88216579,12.73017483,12.8191458,933700
10/3/2018,12.87846565,12.90070735,12.77466589,12.78949463,1325400
10/4/2018,12.61154938,12.86363219,12.59672064,12.84138909,1393600
10/5/2018,12.5893116,12.69311136,12.5893116,12.63379782,1122200
10/8/2018,12.80432034,12.84139076,12.60413665,12.60413665,974700
10/9/2018,12.66344929,12.8117338,12.64862055,12.80431944,1000100
10/10/2018,12.51516533,12.67827859,12.51516533,12.64120675,1107700
10/11/2018,12.21118546,12.55223935,12.18152939,12.52999624,1648700
10/12/2018,12.20376682,12.3283262,12.10738289,12.2704947,2053400
10/15/2018,12.17411518,12.27791352,12.15187207,12.24084309,1223500
10/16/2018,12.285326,12.38171137,12.13704289,12.23342684,1657500
10/17/2018,12.30015564,12.38171228,12.20377027,12.29274127,991700
10/18/2018,12.15928555,12.31127656,12.15187118,12.30757008,1232400
10/19/2018,12.13704014,12.18893929,12.11479704,12.14445309,1484500
10/22/2018,12.04807186,12.20376934,12.03324313,12.15928455,1446300
10/23/2018,11.99617195,12.05548548,11.77374588,12.01100069,1999400
10/24/2018,11.86271667,12.04065726,11.84788794,12.0110012,1453900
10/25/2018,12.05548668,12.15187064,11.86271735,11.89978778,1445200
10/26/2018,12.0258255,12.10367563,11.87754243,12.0480686,1671500
10/29/2018,12.0110054,12.25567396,11.9494674,12.10738939,1639600
10/30/2018,12.07031631,12.18523549,12.00358841,12.06290195,1647500
10/31/2018,11.98875809,12.17781951,11.98875809,12.10738514,2956900
11/1/2018,12.13050461,12.18272672,11.99621835,12.04844047,1629100
11/2/2018,12.03351784,12.2125671,11.94399463,12.16034357,1446500
11/5/2018,12.13796806,12.20511121,12.03352238,12.04098289,1729700
11/6/2018,11.77240849,12.34685391,11.69034506,12.13796544,2624100
11/7/2018,12.04844284,12.05590335,11.794792,11.794792,1797000
11/8/2018,12.09319973,12.15288376,11.99621602,12.04843813,2140200
11/9/2018,12.07828522,12.11558633,12.00368157,12.04844319,1164900
11/12/2018,11.97383499,12.14542375,11.96637591,12.07828063,1376700
11/13/2018,11.89177227,12.12751953,11.88058222,12.01113821,1850200
11/14/2018,11.8693943,11.95145845,11.75748955,11.92907693,1784400
11/15/2018,11.72764492,11.80970834,11.64707346,11.78732753,1944400
11/16/2018,11.69780445,11.75748707,11.60977248,11.75002656,3297900
11/19/2018,11.69034576,11.7649494,11.61574212,11.73510738,1661000
11/20/2018,11.75749016,11.80971228,11.63812489,11.66796621,3260500
11/21/2018,11.71272469,11.83955043,11.71272469,11.76494751,1462500
11/23/2018,11.65304661,11.77614214,11.65304661,11.67542742,1161300
11/26/2018,11.8097086,11.89923252,11.69780387,11.70526366,1303200
11/27/2018,11.75749016,11.86566466,11.73510864,11.8246333,1230700
11/28/2018,11.83954811,11.95145353,11.6978021,11.7500242,1658200
11/29/2018,11.87685394,11.97383768,11.79479051,11.80971081,1103000
11/30/2018,11.91438866,11.94441859,11.79426891,11.86183645,2256800
12/3/2018,11.97445011,12.04201837,11.75673286,11.92940556,1065500
12/4/2018,11.75673294,11.95192791,11.72294917,11.92940564,1389600
12/6/2018,11.92189789,11.9369125,11.61033699,11.7116883,2104500
12/7/2018,11.74171829,11.95568171,11.69667302,11.89937566,2113500
12/10/2018,11.6065836,11.74171869,11.57655365,11.72670336,1608700
12/11/2018,11.65913582,11.81679319,11.65162887,11.68916576,2184700
12/12/2018,11.68916416,11.94441899,11.68916416,11.7567317,1575600
12/13/2018,11.77925396,11.83556072,11.67414954,11.67414954,1230700
12/14/2018,11.78676414,11.88811547,11.71168964,11.72670426,1448200
12/17/2018,11.3513298,11.83180963,11.33631519,11.78676436,2098500
12/18/2018,11.37385273,11.49397323,11.31379284,11.38886806,1830700
12/19/2018,11.01349258,11.47144941,10.99847725,11.3588373,2205800
12/20/2018,10.56303787,10.99096528,10.54802327,10.96844229,2787400
12/21/2018,10.54802608,10.75823565,10.49547316,10.57054836,2620900
12/24/2018,10.39787674,10.58181021,10.39787674,10.51048883,1391300
12/26/2018,10.70568085,10.70568085,10.36784394,10.43541075,1942200
12/27/2018,10.81829548,10.81829548,10.5067346,10.61559357,1661100
12/28/2018,10.77325535,11.01349495,10.72821006,10.8633452,1752900
12/31/2018,10.78081226,10.84885397,10.57290697,10.78837261,1439500
1/2/2019,10.73545265,10.80727455,10.57290871,10.68253164,1294700
1/3/2019,10.78081226,10.95091581,10.68252988,10.68252988,1627100
1/4/2019,11.04541779,11.09833951,10.88665405,10.92445508,1211300
1/7/2019,11.18906021,11.25710191,11.05146489,11.07565714,1223000
1/8/2019,11.47634506,11.51792553,11.21929902,11.24197934,1672500
1/9/2019,11.59730816,11.6426688,11.43854446,11.54438717,1087800
1/10/2019,11.71827126,11.76363262,11.5670679,11.64266922,1288000
1/11/2019,11.72583389,11.85435695,11.66913271,11.73339424,1180400
1/14/2019,11.68803406,11.72583509,11.612432,11.71071439,841100
1/15/2019,11.71827126,11.73339195,11.64266922,11.71071091,749300
1/16/2019,11.86947727,11.91483865,11.73339458,11.73339458,735600
1/17/2019,11.88459969,11.94886123,11.84679865,11.854359,1040000
1/18/2019,11.92239761,11.93751759,11.83167487,11.92995724,658300
1/22/2019,11.71071053,11.95641606,11.65778953,11.92995556,1041400
1/23/2019,11.65023232,11.75531873,11.57463098,11.73339472,971700
1/24/2019,11.58219147,11.6615737,11.55799921,11.6351132,879000
1/25/2019,11.86191463,11.907276,11.57462861,11.58974859,1099600
1/28/2019,11.877038,11.89518255,11.77119527,11.80899629,1416900
1/29/2019,12.04336452,12.04336452,11.86191969,11.86948005,976700
1/30/2019,12.19456291,12.292846,12.06604059,12.08872091,1383000
1/31/2019,12.40624809,12.40624809,12.08872066,12.1794434,1840200
2/1/2019,12.26933289,12.45949615,12.02592487,12.42907078,1639500
2/4/2019,12.33018208,12.36060889,12.23510047,12.23890455,1232500
2/5/2019,12.33018208,12.39864095,12.24651125,12.35300218,963200
2/6/2019,12.26933289,12.383432,12.25412093,12.34539848,631100
2/7/2019,12.299757,12.34919985,12.21608472,12.24651153,1229600
2/8/2019,12.05635071,12.32257956,12.048744,12.24651396,1026200
2/11/2019,12.20847893,12.21608563,12.05634921,12.05634921,1285800
2/12/2019,12.18566132,12.2465135,12.10959573,12.23130009,902100
2/13/2019,12.39103699,12.41385565,12.15523353,12.17044694,1376300
2/14/2019,12.26933289,12.45949615,12.17805533,12.383432,1015100
2/15/2019,12.44428349,12.44428349,12.30736571,12.31497242,1105500
2/19/2019,12.44428349,12.52034762,12.42146337,12.45949544,1237200
2/20/2019,12.70290375,12.74093581,12.43667495,12.44428165,1952200
2/21/2019,12.74854183,12.82460741,12.60401739,12.68008296,1544600
2/22/2019,12.77136421,12.85123243,12.72572399,12.7485441,928200
2/25/2019,12.61162376,12.82460708,12.5735917,12.81700037,1128100
2/26/2019,12.74093723,12.85503489,12.62607934,12.68769176,1588500
2/27/2019,12.53555775,12.70290229,12.42906682,12.68768889,1510600
2/28/2019,12.53555775,12.63444342,12.52795104,12.53555775,2263600
3/1/2019,12.56598854,12.62684073,12.38723461,12.5888072,1474800
3/4/2019,12.53537464,12.64251559,12.44354121,12.60425045,1073000
3/5/2019,12.61190128,12.69990892,12.53154668,12.5736376,1017400
3/6/2019,12.60425091,12.72669646,12.55068116,12.62721,938800
3/7/2019,12.46649933,12.6119025,12.41292813,12.60424947,963600
3/8/2019,12.43588638,12.48945612,12.36701059,12.42823335,983300
3/11/2019,12.56598663,12.58129269,12.41369529,12.47415174,682600
3/12/2019,12.58129406,12.71904568,12.57364103,12.62721078,869400
3/13/2019,12.58129406,12.71139265,12.565988,12.61190472,819100
3/14/2019,12.61190128,12.68077708,12.49710878,12.60424826,754100
3/15/2019,12.58894348,12.67312387,12.55833137,12.64251322,1271500
3/18/2019,12.56598663,12.69608521,12.48180477,12.58894572,1182100
3/19/2019,12.52772141,12.62338207,12.51241535,12.57363812,963400
3/20/2019,12.49711323,12.60425274,12.45884953,12.52007232,1053200
3/21/2019,12.55068016,12.63486202,12.46649976,12.46649976,771100
3/22/2019,12.33640385,12.54685708,12.31344475,12.51241917,1185900
3/25/2019,12.25222397,12.39762866,12.13743068,12.31344676,1140600
3/26/2019,12.48180199,12.48180199,12.27517608,12.27517608,1068900
3/27/2019,12.52772141,12.58894417,12.43588652,12.52006838,948700
3/28/2019,12.61955929,12.62721232,12.4626758,12.54303044,888200
3/29/2019,12.47415447,12.61955914,12.42823775,12.61955914,1261300
4/1/2019,12.67312336,12.67312336,12.4971081,12.52772021,1173700
4/2/2019,12.71162224,12.73856984,12.5884328,12.66542657,966100
4/3/2019,12.75782013,12.83866294,12.68852588,12.71932397,1193500
4/4/2019,12.82711506,12.88101027,12.7347237,12.74242175,1016700
4/5/2019,12.88101101,12.9580048,12.81171675,12.81171675,941000
4/8/2019,12.8733139,12.92721059,12.80401963,12.89641248,1141700
4/9/2019,12.6115303,12.88100775,12.56918513,12.87330823,1465600
4/10/2019,12.76551819,12.78091724,12.61923017,12.61923017,911700
4/11/2019,12.73472309,12.81941493,12.67312689,12.78091877,564000
4/12/2019,12.75782013,12.7809187,12.67312683,12.7809187,823000
4/15/2019,12.68082428,12.80401372,12.61153004,12.78091662,713500
4/16/2019,12.68082428,12.72702142,12.61153004,12.6885238,875100
4/17/2019,12.58073711,12.71932564,12.54224095,12.71932564,660100
4/18/2019,12.54224014,12.66542961,12.53069012,12.60383488,649000
4/22/2019,12.4113493,12.54223827,12.326656,12.54223827,1072100
4/23/2019,12.65772915,12.70392483,12.40749974,12.44214687,1227100
4/24/2019,12.66542912,12.70392527,12.54608868,12.70392527,947700
4/25/2019,12.58073711,12.66543043,12.49219477,12.65003138,1050200
4/26/2019,12.66542912,12.70392527,12.58843534,12.62693149,790900
4/29/2019,12.6346302,12.79631728,12.60383357,12.70392445,887700
4/30/2019,12.66542912,12.7116248,12.59613486,12.62693149,977900
5/1/2019,12.63444233,12.76613186,12.60345734,12.68866717,1023000
5/2/2019,12.70415688,12.82035314,12.64605948,12.65767867,1109900
5/3/2019,12.78936768,12.83584588,12.7041564,12.76612783,811000
5/6/2019,12.82035828,12.90169702,12.71190858,12.73514844,986800
5/7/2019,12.75063705,12.89007318,12.6894413,12.78162352,1124100
5/8/2019,12.55697536,12.78936939,12.52599038,12.71190472,1347600
5/9/2019,12.68866634,12.82035586,12.5104986,12.56472344,1886700
5/10/2019,12.79711914,12.79711914,12.56472506,12.69641459,1161000
5/13/2019,12.74289417,12.77000659,12.5957114,12.65768286,957400
5/14/2019,12.80486202,12.86683346,12.71965074,12.75063572,1032400
5/15/2019,12.8745842,12.89007596,12.76613303,12.7971195,750000
5/16/2019,12.82809925,12.92105714,12.80873345,12.87457894,840800
5/17/2019,12.70415688,12.812608,12.66542528,12.78162154,1207300
5/20/2019,12.5182476,12.71190861,12.45162787,12.704162,1078200
5/21/2019,12.68092346,12.6886686,12.5414873,12.64219037,1258600
5/22/2019,12.55697536,12.63444004,12.49500392,12.61894829,1245100
5/23/2019,12.57247257,12.60345904,12.43303641,12.51050111,1222100
5/24/2019,12.55697536,12.65767989,12.51824377,12.58796183,696300
5/28/2019,12.47176456,12.61894729,12.47176456,12.59570745,1610200
5/29/2019,12.38655567,12.47176697,12.30134511,12.46402036,1667300
5/30/2019,12.3478241,12.49500612,12.31683837,12.43303466,909000
5/31/2019,12.03600693,12.28623747,12.03600693,12.26986732,1975600
6/3/2019,12.16073608,12.17632638,12.02041966,12.07498683,1421600
6/4/2019,12.23089314,12.27610657,12.07498642,12.19971179,1037100
6/5/2019,12.23089314,12.29325656,12.16463269,12.27766552,1285500
6/6/2019,12.13735294,12.2776694,12.05550217,12.2776694,1952100
6/7/2019,12.22309971,12.26987136,12.14514597,12.17632732,909500
6/10/2019,12.32444,12.32444,12.16073774,12.26207656,883400
6/11/2019,12.41018486,12.43357068,12.29325502,12.37900352,1113600
6/12/2019,12.24648285,12.43357089,12.21140375,12.39459403,1961900
6/13/2019,12.37120819,12.37120819,12.22309701,12.30104999,1167000
6/14/2019,12.28546238,12.3712109,12.26597357,12.35562059,1269200
6/17/2019,12.43357468,12.4569605,12.27766793,12.30105376,1599500
6/18/2019,12.55829906,12.69861549,12.48034533,12.5037319,1558300
6/19/2019,12.47254944,12.58168377,12.42577705,12.58168377,1806900
6/20/2019,12.48034191,12.5505001,12.44136506,12.5505001,1178100
6/21/2019,12.34002972,12.43357376,12.31664389,12.43357376,2670100
6/24/2019,12.25428009,12.43357263,12.19971218,12.42577711,1296600
6/25/2019,12.23869038,12.39459711,12.23869038,12.25428142,1762700
6/26/2019,11.9892416,12.28546482,11.97365055,12.2776693,1744800
6/27/2019,12.26207161,12.30104847,12.04380226,12.04380226,1616500
6/28/2019,12.36341476,12.40239163,12.2932573,12.30105207,1870200
7/1/2019,12.27712154,12.49677666,12.19867393,12.48108669,1297500
7/2/2019,12.33203602,12.33203602,12.24182018,12.27712186,951400
7/3/2019,12.41048241,12.4418616,12.33987904,12.33987904,674100
7/5/2019,12.4026413,12.44186474,12.28026219,12.35557212,971200
7/8/2019,12.44185829,12.45362577,12.37125569,12.38694491,1065900
7/9/2019,12.41048241,12.44970658,12.30849984,12.4418616,968200
7/10/2019,12.52815533,12.55168954,12.41832777,12.49677613,1251700
7/11/2019,12.30065632,12.52815567,12.29281133,12.52815567,1531200
7/12/2019,12.33203602,12.37910444,12.25358765,12.31634605,1063200
7/15/2019,12.37125969,12.40263888,12.26927712,12.33987975,1000500
7/16/2019,12.38695145,12.41048566,12.30850307,12.37126222,1028700
7/17/2019,12.30849934,12.39479267,12.25358594,12.39479267,850600
7/18/2019,12.23789597,12.29280936,12.14768014,12.29280936,1382700
7/19/2019,12.09669018,12.2731986,12.08884519,12.23789692,1324300
7/22/2019,12.09669018,12.15160358,12.04962102,12.09669018,804400
7/23/2019,12.25358391,12.2575064,12.10453296,12.15160137,1041700
7/24/2019,12.29281425,12.31634847,12.16729745,12.24574508,1009800
7/25/2019,12.21436501,12.31634759,12.20259827,12.29281338,726100
7/26/2019,12.26927662,12.28888833,12.13591486,12.19867325,1092700
7/29/2019,12.30849934,12.44970607,12.29281011,12.31634432,1021400
7/30/2019,12.4026413,12.430098,12.28496873,12.30065871,723200
7/31/2019,12.32418919,12.44186097,12.25358582,12.37125835,1802100
8/1/2019,12.00049305,12.35577066,11.98470332,12.32419044,1547800
8/2/2019,11.95312119,12.07154678,11.92154098,11.99259588,925700
8/5/2019,11.72416687,11.92154341,11.57021266,11.85838298,1516900
8/6/2019,11.97680759,12.17418412,11.7952208,11.7952208,1752500
8/7/2019,11.9847002,12.07944082,11.79521821,11.88206434,1118300
8/8/2019,12.24524117,12.32419133,11.94522872,11.99259867,1299000
8/9/2019,12.1505003,12.22155522,12.06681269,12.189975,794400
8/12/2019,12.33997822,12.34787346,12.1978669,12.26892256,1413400
8/13/2019,12.43472004,12.48998522,12.30050395,12.31629444,1431600
8/14/2019,12.2373457,12.43472224,12.15444791,12.41893175,1384100
8/15/2019,12.21365833,12.37155939,12.16628764,12.30050372,1375100
8/16/2019,12.41892815,12.46629883,12.23734214,12.24523738,1288800
8/19/2019,12.50577354,12.5768292,12.47419334,12.51366878,1152000
8/20/2019,12.41103649,12.52946211,12.39524601,12.48998665,1009200
8/21/2019,12.30840015,12.45840598,12.28866205,12.45051149,873500
8/22/2019,12.45051193,12.45840642,12.28471562,12.30050535,843600
8/23/2019,12.2373457,12.53341051,12.2373457,12.44261748,1050900
8/26/2019,12.31629467,12.36366461,12.25313425,12.3320844,980500
8/27/2019,12.2373457,12.38735154,12.22945045,12.35577132,928400
8/28/2019,12.38734913,12.41498247,12.22944808,12.2531338,917400
8/29/2019,12.49788189,12.53735735,12.43472146,12.43472146,840400
8/30/2019,12.65678787,12.7362407,12.56938961,12.56938961,2639100
9/3/2019,12.48198795,12.60672805,12.41048058,12.59322173,1497900
9/4/2019,12.68857002,12.70446014,12.51377423,12.51377423,1135300
9/5/2019,12.81569195,12.85541912,12.69651346,12.71240433,1215800
9/6/2019,12.80774784,12.88719915,12.79185697,12.81569176,1109500
9/9/2019,12.99048615,12.99048615,12.74418378,12.80774573,1200000
9/10/2019,13.10966396,13.10966396,12.88719639,12.97459464,1131300
9/11/2019,13.10966396,13.12555483,12.97459464,13.05404745,1809200
9/12/2019,12.97459793,13.14144903,12.95870706,13.14144903,809700
9/13/2019,12.98254013,13.10966402,12.95870383,13.01432035,1022500
9/16/2019,12.98254013,13.02226578,12.89911536,12.99048556,817200
9/17/2019,12.91103554,13.00637924,12.85939097,12.9745975,1017600
9/18/2019,12.94281864,12.97459887,12.84350297,12.95076256,1466600
9/19/2019,13.00637722,13.06993917,12.97459549,13.030212,1317600
9/20/2019,13.01432133,13.13350131,12.95632103,13.00637741,2009000
9/23/2019,12.95870495,13.06199407,12.90308843,12.95870495,1047200
9/24/2019,12.93487263,13.04610569,12.91103632,12.95870742,1331900
9/25/2019,12.97459793,13.05405076,12.95076163,12.95870706,979400
9/26/2019,13.02226734,13.06914434,12.9706243,13.00637799,1212900
9/27/2019,13.06994247,13.20501184,13.0302153,13.0302153,1679400
9/30/2019,13.17322826,13.22884479,13.10172087,13.10172087,1933800
10/1/2019,13.09329605,13.29313269,13.05732539,13.26915327,1134000
10/2/2019,12.90145016,13.06132004,12.82151674,13.04533275,1315800
10/3/2019,12.90145016,12.98937875,12.8255128,12.88546439,1493600
10/4/2019,12.93342495,12.98138531,12.8415003,12.94941224,739500
10/7/2019,12.98937607,13.00935942,12.90944114,12.91743479,846400
10/8/2019,12.84549904,12.95740707,12.82151962,12.94941495,1077600
10/9/2019,12.78953934,12.92942431,12.78953934,12.90944096,946600
10/10/2019,12.78953934,12.86947426,12.77355205,12.84549333,1082400
10/11/2019,12.94141388,13.02534485,12.86147896,12.9094393,972800
10/14/2019,12.82151699,12.9174377,12.72159793,12.84549641,972000
10/15/2019,12.86947536,12.94141665,12.79353649,12.81352137,1116500
10/16/2019,12.90145016,13.01735575,12.8534898,12.86947709,1011700
10/17/2019,12.95740509,12.98138603,12.86947802,12.93342567,1047500
10/18/2019,13.01336193,13.0293477,12.89345873,12.93342697,858600
10/21/2019,13.18921661,13.18921661,13.02934671,13.02934671,1220300
10/22/2019,13.27714443,13.28114049,13.12526819,13.22119043,858400
10/23/2019,13.31711483,13.33310213,13.20520679,13.28514176,958500
10/24/2019,13.17322731,13.32510354,13.09329237,13.32510354,993900
10/25/2019,13.10927868,13.16523267,13.07490737,13.12526597,935600
10/28/2019,13.09329605,13.17323101,13.08530393,13.14125794,1020600
10/29/2019,13.08529854,13.13325889,13.06931125,13.07730489,1009500
10/30/2019,13.11727238,13.12526602,12.98937709,13.08529932,1079200
10/31/2019,13.17322731,13.1892146,13.08929631,13.15724002,1746200
11/1/2019,13.29386425,13.32603251,13.14910324,13.18931395,1474700
11/4/2019,13.3742857,13.3742857,13.23756713,13.31799009,2292500
11/5/2019,13.41449642,13.57212411,13.26973543,13.33407348,1690900
11/6/2019,13.3179884,13.54317233,13.3179884,13.47079184,1351400
11/7/2019,13.19735336,13.3742826,13.17322602,13.32602945,1254000
11/8/2019,13.16518402,13.21745762,13.04857085,13.16518402,949300
11/11/2019,13.16518402,13.24560542,13.09280354,13.18930983,986700
11/12/2019,12.98021317,13.21746001,12.98021317,13.1651864,1101600
11/13/2019,12.8997879,13.02042152,12.8997879,12.98020929,1703700
11/14/2019,13.00434303,13.04455375,12.89979426,12.90783517,2255700
11/15/2019,12.93196297,13.07672399,12.91587807,13.03651174,1702200
11/18/2019,12.98021317,13.076721,12.94804491,13.06063611,1306500
11/19/2019,12.95608521,13.08073929,12.94000031,13.00433835,1487200
11/20/2019,12.85958004,12.97217125,12.83545346,12.91587564,2094700
11/21/2019,12.71481895,12.85153673,12.63841724,12.8354526,2408200
11/22/2019,12.71481895,12.81132602,12.6858666,12.74698798,1361000
11/25/2019,12.88370514,12.89979003,12.73492294,12.74698661,1219000
11/26/2019,13.02042389,13.02042389,12.87968337,12.89979025,1415800
11/27/2019,13.18127155,13.18127155,13.00434228,13.03651054,980400
11/29/2019,13.07672405,13.20540018,13.06063915,13.18931528,859700
12/2/2019,12.97152615,13.12527362,12.97152615,13.10909073,1144200
12/3/2019,12.93915653,13.01198493,12.87442035,12.95534096,938000
12/4/2019,12.85014343,13.04435273,12.84205122,12.91487961,1168700
12/5/2019,12.87442017,12.93915635,12.80159177,12.87442017,1270600
12/6/2019,12.97152615,13.03626233,12.8744211,12.90678919,2235500
12/9/2019,12.90678692,12.93915501,12.85418907,12.92297135,1260000
12/10/2019,12.83395958,12.91488019,12.81777592,12.86632767,1246700
12/11/2019,12.83395958,12.89060432,12.7692234,12.81777592,2003600
12/12/2019,12.77731705,12.9310653,12.73685674,12.83396102,1877700
12/13/2019,12.76113415,12.81777812,12.68021352,12.77731781,1245700
12/16/2019,12.94724846,12.95534067,12.80159167,12.86632785,2556400
12/17/2019,12.8986969,13.01198561,12.87442102,13.01198561,1287800
12/18/2019,12.98770618,12.98770618,12.86632606,12.89869414,1627100
12/19/2019,13.03625965,13.05244254,12.95533905,12.98770636,1004300
12/20/2019,13.09290504,13.11718015,13.01198443,13.02816887,2271700
12/23/2019,13.0200758,13.11717929,12.99175382,13.09290419,1415100
12/24/2019,12.98770618,13.05244236,12.97961551,13.02816726,470400
12/26/2019,13.02817059,13.06053791,12.99175638,13.02817059,608000
12/27/2019,13.01198578,13.08885952,12.98770913,13.07672197,1193300
12/30/2019,13.13336372,13.13336372,13.03626023,13.04435245,1271600
12/31/2019,13.14955235,13.18596655,13.07267859,13.09290837,1968200
1/2/2020,13.02741623,13.25539657,12.99077656,13.23911193,1638400
1/3/2020,12.98670673,13.05998686,12.92156971,12.98670673,1764200
1/6/2020,12.8727169,12.96065181,12.84828994,12.93785393,2367500
1/7/2020,12.81572342,12.87271891,12.71801787,12.86457658,2010800
1/8/2020,12.9134264,12.94599491,12.71801534,12.79129468,2140700
1/9/2020,12.76686478,12.89713878,12.7546513,12.86457028,1377700
1/10/2020,12.7912941,12.80757796,12.72615708,12.78315178,1528300
1/13/2020,12.82386303,12.84014767,12.74244137,12.79129452,1395000
1/14/2020,12.84829044,12.87271741,12.76686955,12.81572193,1426800
1/15/2020,12.88085365,12.96227529,12.85235631,12.89713829,1950400
1/16/2020,12.98670673,13.01927525,12.89307236,12.90528584,1831500
1/17/2020,13.00299358,13.06812984,12.95414042,12.99485126,1160100
1/21/2020,12.89714432,13.02741838,12.84014961,13.00299219,1343000
1/22/2020,12.85643101,12.97042118,12.84014714,12.89714184,1176300
1/23/2020,12.80757904,12.87271684,12.76686898,12.84828987,2363700
1/24/2020,12.61216831,12.84421906,12.5795998,12.81572171,2135900
1/27/2020,12.44932747,12.53074915,12.35162192,12.53074915,2076900
1/28/2020,12.57145596,12.62030911,12.45746656,12.49003507,1660100
1/29/2020,12.46560574,12.70172756,12.4493211,12.63659056,1634900
1/30/2020,12.44118595,12.4574706,12.31091187,12.40861743,1757000
1/31/2020,12.22949028,12.44118525,12.22134796,12.40861674,2682800
2/3/2020,12.3032589,12.4262092,12.2540783,12.2622752,1315200
2/4/2020,12.39342213,12.50407787,12.35243843,12.35243843,1544900
2/5/2020,12.5491581,12.6229278,12.49178062,12.53276431,1828900
2/6/2020,12.5081749,12.62292829,12.46719121,12.59833839,1858600
2/7/2020,12.40161419,12.54095823,12.40161419,12.50817144,925700
2/10/2020,12.45079803,12.47538872,12.37702833,12.42620813,1133600
2/11/2020,12.45899487,12.5368638,12.38522438,12.45079797,1180000
2/12/2020,12.5491581,12.58194489,12.45899382,12.5163713,1287200
2/13/2020,12.45079803,12.55735532,12.41801124,12.49997862,1075700
2/14/2020,12.46719265,12.51637324,12.41801206,12.45899575,1488500
2/18/2020,12.49997902,12.54096271,12.40161862,12.45899533,1809400
2/19/2020,12.31145573,12.52456954,12.29506194,12.52456954,2368900
2/20/2020,12.39342213,12.49178253,12.30817629,12.33604542,1603100
2/21/2020,12.36883259,12.4180124,12.29506209,12.39342249,1660100
2/24/2020,11.86883354,12.25407906,11.77867003,12.21309536,2937900
2/25/2020,11.25407982,11.92621041,11.03276911,11.88522672,5274600
2/26/2020,10.98358631,11.43440532,10.98358631,11.21309465,3769500
2/27/2020,10.78687,11.26227911,10.50818174,10.69670648,6113500
2/28/2020,10.71309566,10.91801334,10.50817799,10.54916168,5539600
3/2/2020,10.81145763,10.81965453,10.54096633,10.77047472,4188000
3/3/2020,10.48934174,11.08401331,10.3943597,10.89404844,3657900
3/4/2020,10.79493618,10.86101071,10.51164182,10.61323162,3442200
3/5/2020,10.37371349,10.72060445,10.17548908,10.72060445,3322100
3/6/2020,10.60497665,10.8362376,9.993786607,10.00204534,4575200
3/9/2020,9.448666573,10.22504349,9.440407847,9.911189076,5736300
3/10/2020,9.67992878,9.86989287,9.043960399,9.688187506,4322700
3/11/2020,8.721846581,9.498222698,8.639253025,9.45692592,5061500
3/12/2020,6.90479517,7.788543449,6.896536444,7.549023064,5578900
3/13/2020,7.557281494,7.557281494,6.442273175,7.326020632,4960200
3/16/2020,5.814565182,6.756128582,5.806306061,6.60746047,4033600
3/17/2020,5.236411572,6.095381241,4.534368712,5.979750421,5991100
3/18/2020,3.997513533,4.972113767,3.898401331,4.80692742,6588400
3/19/2020,4.460036755,4.542629948,3.700178591,4.047070396,6115500
3/20/2020,4.426997662,5.137299224,4.418738149,4.608702612,8114700
3/23/2020,5.285968304,5.360301964,4.13792219,4.286589905,8792300
3/24/2020,6.434014797,6.599201156,5.814565359,5.814565359,6852300
3/25/2020,7.648139,8.184995081,6.400980106,6.657019657,7564400
3/26/2020,7.904174805,8.453419957,7.474690258,7.755507471,8239600
3/27/2020,7.474687576,7.722467427,7.111276918,7.433390803,4906400
3/30/2020,7.235167027,7.48294687,6.657014583,7.474687358,4491600
3/31/2020,7.573801517,7.590319759,7.061723433,7.193872514,4205400
4/1/2020,7.169093132,7.284723158,6.813941965,6.813941965,2992000
4/2/2020,6.392718315,7.259947727,6.277087858,7.069983602,4405200
4/3/2020,5.707191467,6.392715141,5.294225361,6.392715141,6169800
4/6/2020,6.491829395,6.648756614,6.02104774,6.02104774,3362800
4/7/2020,6.392718315,7.169095422,6.293606495,7.020427298,5504700
4/8/2020,6.780906677,6.818073707,6.367940377,6.566164012,7335400
4/9/2020,7.549024105,7.867007551,7.061723754,7.061723754,4662000
4/13/2020,7.111280918,7.639878178,6.970872283,7.549025857,2514500
4/14/2020,7.177354813,7.449913328,7.057594981,7.259948398,1696700
4/15/2020,6.90479517,7.136056829,6.665274785,6.789165128,2239300
4/16/2020,6.623980045,6.880018719,6.442274647,6.813944171,2815000
4/17/2020,6.805685043,7.111280038,6.772647768,6.995649968,2402400
4/20/2020,6.714832306,6.929574976,6.483570999,6.582682819,1947000
4/21/2020,6.673533916,6.789164739,6.386935265,6.40097628,1971700
4/22/2020,6.805685043,7.028687243,6.665276426,6.85524135,2324700
4/23/2020,6.747868538,7.036945226,6.665274973,6.855239857,1521800
4/24/2020,6.896535397,7.003905908,6.615718273,6.813941847,2269100
4/27/2020,7.152573586,7.284722627,6.747866948,6.937830999,2794300
4/28/2020,7.755505562,7.887654621,7.400354376,7.433391641,3497300
4/29/2020,8.457550049,8.697070483,7.986768696,8.069362275,3086400
4/30/2020,7.995027065,8.374956057,7.928952527,8.284102975,3362000
5/1/2020,7.449911594,7.833969549,7.301243491,7.672912962,1977900
5/4/2020,7.202130318,7.441650668,7.02042498,7.226908068,2549300
5/5/2020,6.880018711,7.495338423,6.846981438,7.408615875,2200300
5/6/2020,6.880018711,7.111279626,6.640498281,6.880018711,4876700
5/7/2020,7.169093132,7.346668715,6.805682453,6.805682453,3376100
5/8/2020,7.557281494,7.598578274,7.177352541,7.317761119,2852500
5/11/2020,7.053464413,7.476341976,7.053464413,7.449912473,2879000
5/12/2020,6.508347034,7.136055812,6.500087522,7.053462261,3539600
5/13/2020,6.186233997,6.483569796,6.062344442,6.417495262,5592700
5/14/2020,6.805685043,6.929575417,5.897159181,6.037567798,3383900
5/15/2020,6.739609241,6.913055102,6.491829722,6.665275189,2262800
5/18/2020,7.532504559,7.697690907,7.119538295,7.152575564,3873800
5/19/2020,8.02806282,8.333657701,7.144314653,7.515984848,5121900
5/20/2020,7.92895174,8.118915823,7.800931645,8.069360318,3856800
5/21/2020,7.92895174,8.11065631,7.788543162,7.854617695,3194200
5/22/2020,7.557281494,7.912432695,7.326020632,7.871135915,2811400
5/26/2020,7.961992264,8.151956425,7.788546349,7.97851051,3053600
5/27/2020,8.779665947,8.816832987,8.25106866,8.275847212,4110200
5/28/2020,8.581438065,8.903551202,8.449288217,8.870513937,2758800
5/29/2020,8.432769775,8.523622055,8.168471661,8.399732511,5283400
6/1/2020,8.87051487,8.994405217,8.40799311,8.441030379,2376500
6/2/2020,9.126555443,9.250445018,8.936590534,9.027443625,2812100
6/3/2020,9.465187073,9.659280939,9.275222176,9.324778476,2353300
6/4/2020,9.869894028,9.911190814,9.242185087,9.489965015,2532900
6/5/2020,10.46456528,10.93534657,10.16722985,10.32415668,5385000
6/8/2020,11.29049778,11.33179456,10.81971649,10.83623473,4227800
6/9/2020,10.79493618,10.93534475,10.53063807,10.73712116,4838900
6/10/2020,10.11767101,10.72060123,9.642760082,10.60497121,3175700
6/11/2020,8.655771255,9.423888647,8.548400736,8.96136694,2671400
6/12/2020,9.283483505,9.514745232,9.035703534,9.233927984,2462400
6/15/2020,9.316519737,9.423891072,8.630995725,8.812701122,3375900
6/16/2020,9.498226166,9.897151501,9.324780265,9.878155244,2181000
6/17/2020,8.928334236,9.564302105,8.895296954,9.564302105,2291900
6/18/2020,8.688808441,8.994403307,8.614474406,8.779660713,1718500
6/19/2020,8.275847435,8.854000265,8.184994318,8.763147149,6768100
6/22/2020,8.251065254,8.350177057,7.986767114,8.259324768,2057600
6/23/2020,8.407996178,8.441033458,8.218031224,8.36669938,2147500
6/24/2020,8.118915558,8.325398661,7.619226826,8.251064618,4052500
6/25/2020,7.953731537,8.193251975,7.683651837,7.937212506,2746800
6/26/2020,7.68942976,7.953727834,7.648132989,7.871134292,2632200
6/29/2020,8.143694878,8.168473422,7.672913564,7.763765863,1630100
6/30/2020,7.978506088,8.193248681,7.904172053,8.069359148,2495200
7/1/2020,8.061102867,8.374957369,7.986768802,8.019806077,2878900
7/2/2020,7.780286789,8.391476852,7.763767755,8.308884048,1722200
7/6/2020,7.895916462,8.201511447,7.672914269,8.019806044,1628800
7/7/2020,7.474687576,7.762111668,7.433390803,7.730726152,1788300
7/8/2020,7.524243832,7.615096899,7.251686204,7.375576536,2464400
7/9/2020,7.441649437,7.492856673,7.218647361,7.491204929,1570800
7/10/2020,7.507729053,7.51598857,7.346672414,7.425135461,1318000
7/13/2020,7.400357723,7.710082515,7.340890147,7.573803638,1939700
7/14/2020,7.2434268,7.464776371,7.169092765,7.408613106,1487800
7/15/2020,7.672914028,7.780285364,7.433393599,7.466430873,3583000
7/16/2020,7.491208076,7.598579404,7.383836749,7.557282618,1334800
7/17/2020,7.334279537,7.524243604,7.309501787,7.482947616,1619100
7/20/2020,7.144315243,7.292983333,7.11953749,7.276465094,2821500
7/21/2020,7.433393955,7.462301472,7.22691079,7.276467096,3331900
7/22/2020,7.425133705,7.458170977,7.243429105,7.350799647,2013900
7/23/2020,7.433393955,7.462301472,7.148446966,7.350800374,2395900
7/24/2020,7.284724712,7.48294912,7.177353388,7.317761982,3193900
7/27/2020,7.144315243,7.288853576,7.111277977,7.251686554,2360700
7/28/2020,7.425133705,7.499467763,7.045204687,7.086501473,1745600
7/29/2020,7.532504559,7.540764073,7.297113914,7.482949048,1497900
7/30/2020,7.367317677,7.433392211,7.210390067,7.367317677,1237800
7/31/2020,7.284724712,7.338410768,7.107149091,7.334281011,1669700
8/3/2020,7.152573586,7.187262591,6.974998015,7.185610846,1474900
8/4/2020,7.540763855,7.582060638,7.094760334,7.103019848,2293100
8/5/2020,7.524243832,7.689430941,7.4086138,7.63987465,1293600
8/6/2020,7.557281494,7.648134566,7.46642921,7.507725989,2069900
8/7/2020,7.937209606,7.995025406,7.549021968,7.557280693,2621700
8/10/2020,8.36669445,8.407991224,7.970246529,7.970246529,2271100
8/11/2020,8.358437538,8.664032495,8.329530024,8.556661166,1794900
8/12/2020,8.399733543,8.490585834,8.275843984,8.449289052,1679500
8/13/2020,8.151953697,8.453418871,8.110656915,8.259325017,1648800
8/14/2020,8.102398872,8.201510686,7.89591573,8.028064815,1561400
8/17/2020,7.953731537,8.127177425,7.928953778,8.127177425,1417600
8/18/2020,7.813323021,7.949601879,7.784415504,7.928953877,1462000
8/19/2020,7.796802044,7.904173358,7.714209271,7.904173358,1898700
8/20/2020,7.92895174,8.003284998,7.705949603,7.755505896,1002300
8/21/2020,7.755505562,7.997503151,7.697689758,7.912432372,1350500
8/24/2020,8.06936264,8.06936264,7.660525272,7.780285888,1848100
8/25/2020,8.251065254,8.333658817,8.102397944,8.11065667,1979900
8/26/2020,8.226286888,8.40799224,8.135434606,8.284101905,2064900
8/27/2020,8.597956657,8.647512951,8.25932448,8.25932448,1683100
8/28/2020,8.829218864,8.829218864,8.548402451,8.664032507,2175600
8/31/2020,8.399733543,8.779662523,8.341918521,8.779662523,2698100
9/1/2020,8.482329369,8.589699928,8.234549396,8.259327157,1392900
9/2/2020,8.713589668,8.721849184,8.416253408,8.457550199,2531700
9/3/2020,8.853995323,9.085256169,8.639252716,8.713586756,2681100
9/4/2020,9.167850494,9.192628247,8.837477042,8.936588842,2482000
9/8/2020,8.548400879,9.033223122,8.515363614,8.96136709,3112200
9/9/2020,8.531880379,8.647511181,8.457546348,8.647511181,2414700
9/10/2020,8.416250229,8.668159846,8.407991504,8.589696052,1831300
9/11/2020,8.350178719,8.416253267,8.21142264,8.416253267,1600600
9/14/2020,8.787924767,8.882906844,8.449291677,8.498847988,4071000
9/15/2020,9.20088768,9.308258992,8.837476965,8.837476965,3228900
9/16/2020,9.192627907,9.374333259,8.96136705,9.192627907,3206000
9/17/2020,8.920073509,9.159593966,8.804442645,9.010925825,1831500
9/18/2020,8.465808868,8.858127155,8.432771597,8.845737883,4329800
9/21/2020,7.747246742,8.251065271,7.738987228,8.234547031,2122500
9/22/2020,7.730728149,7.92069304,7.64813537,7.838099472,1995900
9/23/2020,7.524243832,8.085878112,7.524243832,7.763764195,1783600
9/24/2020,7.416873455,7.598578825,7.350798918,7.49946702,2095400
9/25/2020,7.829841137,7.900045444,7.350800263,7.359059779,2400500
9/28/2020,8.168473244,8.251066027,7.995027376,8.028064647,1048000
9/29/2020,8.102398872,8.1602139,7.937211728,8.1602139,1519900
9/30/2020,7.937209606,8.383213044,7.8009308,8.151952206,4475100
10/1/2020,8.39147377,8.432770551,7.978507535,7.978507535,2234900
10/2/2020,8.548400879,8.564919118,8.028063359,8.052841111,1383200
10/5/2020,8.614476204,8.820959328,8.490585857,8.796180786,1408200
10/6/2020,8.606219292,8.841609999,8.569052255,8.680553365,1651100
10/7/2020,8.895293236,8.944848744,8.623561058,8.672291087,1970900
10/8/2020,9.068739891,9.076999406,8.858127764,8.986147101,1533000
10/9/2020,8.911811829,9.134813986,8.870515045,9.101776717,1196300
10/12/2020,8.953108788,8.986146057,8.770577931,8.878774734,1305800
10/13/2020,8.441031456,8.920072305,8.432771941,8.920072305,2832800
10/14/2020,8.416250229,8.540140553,8.350175704,8.432769254,1391200
10/15/2020,8.457550049,8.490587323,8.118917792,8.308882709,938200
10/16/2020,8.317142487,8.457551116,8.209771135,8.457551116,992600
10/19/2020,8.201510429,8.428641564,8.193250915,8.374956295,972500
10/20/2020,8.449290276,8.585569913,8.26345591,8.317141183,1479400
10/21/2020,8.589697838,8.606216866,8.333659199,8.449289247,1663900
10/22/2020,8.920073509,8.928333025,8.58969995,8.614478498,1191100
10/23/2020,8.986145973,9.081128025,8.932459918,8.961368218,1522800
10/26/2020,8.630992889,8.878772752,8.41625029,8.837475977,2005300
10/27/2020,8.234546661,8.622734342,8.234546661,8.58143835,986500
10/28/2020,8.07762146,8.180863046,7.891787078,8.02806594,2288400
10/29/2020,8.350178719,8.416253267,7.978509188,8.019805977,1232000
10/30/2020,8.176732063,8.507105561,7.982638194,8.383215204,4237700
11/2/2020,8.416250229,8.449287491,8.023932839,8.275842455,2555700
11/3/2020,8.895293236,8.92007099,8.502974991,8.556660256,2048800
11/4/2020,8.796181679,8.849867738,8.441031204,8.820960223,2407700
11/5/2020,9.043960571,9.126554135,8.74662516,8.796180668,2252800
11/6/2020,8.887032509,9.225664655,8.829216707,9.143071103,2323500
11/9/2020,9.960743904,11.01793703,9.423887435,9.498221469,7803600
11/10/2020,10.20852757,10.30763939,9.944229361,9.952488877,4546000
11/11/2020,9.944226265,10.24156165,9.820336718,10.20026566,3235300
11/12/2020,9.481706619,9.754265123,9.411503099,9.754265123,3920600
11/13/2020,10.21678734,10.29112141,9.63863461,9.66341237,2878200
11/16/2020,10.67930984,10.91387427,10.46456716,10.64627257,2800500
11/17/2020,10.73712444,10.8527553,10.34893588,10.4480477,2211400
11/18/2020,10.62974834,10.81971318,10.59671108,10.74537915,2112600
11/19/2020,10.65453053,10.72886459,10.43978864,10.5554187,2099300
11/20/2020,10.54715824,10.62975102,10.4232679,10.61323278,1972000
11/23/2020,10.54715824,10.80319687,10.50586146,10.62975102,2598600
11/24/2020,10.87753105,10.97664286,10.72060344,10.77015973,3531600
11/25/2020,11.08401299,11.0922725,10.66278727,10.81145535,2443900
11/27/2020,11.04271793,11.18312653,10.98490291,11.00968066,1015200
11/30/2020,10.95186329,11.12117936,10.86101023,11.01793781,4263100
12/1/2020,11.28223991,11.40613028,11.10879403,11.1418313,3700600
12/2/2020,10.78667927,11.09640397,10.73712297,11.0344584,3226800
12/3/2020,10.73712444,11.00968215,10.67930941,10.77842123,2021500
12/4/2020,10.96838093,11.10878948,10.7371201,10.90230641,3153900
12/7/2020,10.48108196,11.0179385,10.48108196,11.0179385,2301500
12/8/2020,10.63801289,10.72060568,10.36545517,10.38197341,1977300
12/9/2020,10.84449577,10.96838536,10.63801261,10.72886492,3815400
12/10/2020,10.79493618,10.87752973,10.58845308,10.68756487,2010500
12/11/2020,10.78667927,10.84449429,10.65865916,10.74538248,1728000
12/14/2020,10.51412106,10.96838412,10.51412106,10.90230958,1741700
12/15/2020,11.07575226,11.07575226,10.53063705,10.60497109,1471900
12/16/2020,11.04271793,11.23268283,10.96012515,11.06749569,1805700
12/17/2020,10.79493618,11.03445654,10.71647317,11.03445654,1617200
12/18/2020,10.67104721,10.80319628,10.61323219,10.73712174,2622300
12/21/2020,10.67930984,10.72886536,10.25808399,10.43152988,2767700
12/22/2020,10.53063869,10.69582503,10.44804514,10.67930679,945900
12/23/2020,10.73712444,10.86101403,10.59671583,10.63801262,1134600
12/24/2020,10.88579273,10.89405146,10.70408733,10.79493964,1219600
12/28/2020,10.93534565,11.08401375,10.84449336,10.92708614,1474100
12/29/2020,10.80319881,10.96838518,10.73712427,10.94360743,1472700
12/30/2020,10.72886562,10.94360832,10.66279107,10.74538466,1065800
12/31/2020,10.66278839,10.80319698,10.49760205,10.68756615,1391800
1/4/2021,10.36545181,10.7701585,10.32415504,10.67930622,2547200
1/5/2021,10.41500664,10.53063745,10.30763534,10.32415436,957600
1/6/2021,11.09227276,11.18312504,10.57193523,10.61323201,2484800
1/7/2021,10.53889847,11.10466177,10.52237944,11.04271699,2984400
1/8/2021,10.53889847,10.64626978,10.41500813,10.58019525,2741700
1/11/2021,10.23330402,10.50586169,10.15071046,10.40674988,2002500
1/12/2021,10.43978977,10.44391953,10.18375028,10.24156532,2527400
1/13/2021,10.65453053,10.71234634,10.40262161,10.43978864,1727800
1/14/2021,10.7040863,10.88579169,10.64627127,10.72886406,1284700
1/15/2021,10.60497665,10.66279169,10.34067843,10.61323617,1265600
1/19/2021,10.85275173,10.86101046,10.54715685,10.6793059,1870600
1/20/2021,11.02619934,11.13769963,10.77841943,10.83623445,1619100
1/21/2021,10.78667927,11.00142113,10.76603048,10.9931624,1031100
1/22/2021,10.91057014,10.92708839,10.55541886,10.64627195,1873300
1/25/2021,10.67104721,10.93534534,10.61323219,10.82797403,2312600
1/26/2021,10.46456528,10.86101252,10.43978752,10.78667925,1471200
1/27/2021,10.28285885,10.55128674,10.16722881,10.34067466,1439600
1/28/2021,10.7206049,10.92295908,10.32415762,10.39023217,1875600
1/29/2021,10.30763721,10.77015976,10.22504444,10.73712249,2240500
2/1/2021,10.5554142,10.56367371,10.20852258,10.35719064,1539800
2/2/2021,10.78667927,10.85275381,10.54715886,10.6545294,1475700
2/3/2021,10.78667927,10.88579108,10.62149213,10.72886345,1434300
2/4/2021,10.8197155,10.95599432,10.72886243,10.78667823,1242300
2/5/2021,10.81145859,10.96838545,10.75364355,10.89405138,1024800
2/8/2021,11.06749821,11.09227676,10.81971902,10.86927454,1127800
2/9/2021,10.88579273,11.10053463,10.84449594,11.05923862,1313200
2/10/2021,11.20790577,11.43503772,10.9105703,10.9105703,1599400
2/11/2021,11.30701733,11.33179587,11.10879368,11.15834999,1109200
2/12/2021,11.28223991,11.44742629,11.27232865,11.28223991,2131400
2/16/2021,11.86039162,11.86865113,11.32353575,11.33179527,2866000
2/17/2021,11.62913036,11.76953896,11.41438771,11.71172393,1745200
2/18/2021,11.65390491,11.71997944,11.53001538,11.56305264,1712200
2/19/2021,11.87691021,12.06687432,11.71172386,11.75301985,2916300
2/22/2021,12.27335644,12.49635859,11.85213147,11.85213147,4214100
2/23/2021,12.38072586,12.49635667,11.93472242,12.1907618,3210900
2/24/2021,12.34768677,12.51287306,12.26509402,12.27335274,2874500
2/25/2021,11.84387207,12.42202466,11.76953802,12.37246836,2521400
2/26/2021,11.76953793,12.03383607,11.71998163,11.81083471,3099000
3/1/2021,11.68694687,12.16598775,11.63739135,12.0999132,2853300
3/2/2021,11.53827763,11.761279,11.40612855,11.72824173,2490900
3/3/2021,12.09165096,12.42202362,11.61261022,11.62086895,4236900
3/4/2021,11.53827763,12.09165248,11.30288698,12.09165248,3398500
3/5/2021,11.67042637,11.76953817,11.12531104,11.66216685,2631400
3/8/2021,11.98427868,12.09577974,11.64151678,11.82735109,1529600
3/9/2021,12.05861473,12.17424478,11.78605707,12.02557746,2325400
3/10/2021,12.18250751,12.35595342,12.05035841,12.13295121,1771100
3/11/2021,12.09165096,12.34355982,11.95950111,12.15772549,1287100
3/12/2021,12.36420631,12.36420631,12.03383293,12.12468599,2101700
3/15/2021,12.95062256,12.97540031,12.37246915,12.38072866,2814100
3/16/2021,12.72762108,12.92584471,12.5541752,12.92584471,2005800
3/17/2021,13.12406826,13.12406826,12.7606575,12.7606575,1844700
3/18/2021,12.83498955,13.26447399,12.76891502,13.14058444,1491100
3/19/2021,12.47157955,12.86885299,12.43854229,12.8019522,2024600
3/22/2021,12.41376686,12.50461995,12.15359844,12.42202638,1204000
3/23/2021,11.88516808,12.35181956,11.78605628,12.32291205,1883700
3/24/2021,12.09991264,12.45506392,12.00906034,12.07513489,1678300
3/25/2021,12.33942986,12.37659688,11.75714757,11.99253897,1683900
3/26/2021,12.37246799,12.56243287,12.22380069,12.41376478,1320900
3/29/2021,12.09991264,12.39724889,11.95537506,12.2650998,1595000
3/30/2021,12.34785938,12.48009951,12.14123522,12.19082537,1082300
3/31/2021,12.04205608,12.30653555,12.04205608,12.30653555,2133700
4/1/2021,12.28174019,12.29000534,12.02552666,12.19909099,1150700
4/5/2021,12.31480122,12.46357088,12.10817703,12.44704136,1302400
4/6/2021,12.33959484,12.37678725,12.20322293,12.30653501,1454600
4/7/2021,12.48009777,12.5710121,12.21561835,12.3974478,1904200
4/8/2021,12.62060356,12.65366339,12.27347492,12.37265442,3049900
4/9/2021,12.47183609,12.62060576,12.35612626,12.62060576,2024600
4/12/2021,12.41398048,12.48836452,12.17594935,12.43051001,2382300
4/13/2021,12.29000473,12.36852213,12.07098284,12.28173957,1627100
4/14/2021,12.43877411,12.71978308,12.29000447,12.34785898,1912900
4/15/2021,12.41398048,12.50489483,12.24868052,12.50489483,1405800
4/16/2021,12.45530415,12.63713363,12.43877462,12.50489429,1341400
4/19/2021,12.40571213,12.42224165,12.21561753,12.40571213,1396400
4/20/2021,12.28174019,12.33959549,12.0585865,12.24868035,2007300
4/21/2021,12.58754444,12.63713459,12.02552722,12.22388624,1744400
4/22/2021,12.41398048,12.64539933,12.3313305,12.64539933,1485800
4/23/2021,12.62060356,12.62886793,12.2982696,12.43050893,1384900
4/26/2021,12.75284576,12.95120481,12.70325561,12.72805029,2225900
4/27/2021,12.75284576,12.81070029,12.51316173,12.70325561,2185200
4/28/2021,12.9512043,13.01732398,12.75284527,12.75284527,1747500
4/29/2021,13.08344078,13.16609075,12.90574389,13.01732112,2909000
4/30/2021,13.10823536,13.11650051,12.77350447,12.95120136,2428400
5/3/2021,13.04211998,13.28180403,12.94294045,13.17435935,2697400
5/4/2021,12.86029053,13.16609425,12.71978601,13.00079426,1807900
5/5/2021,12.88508511,12.97599947,12.72805027,12.87681995,1944700
5/6/2021,12.89334869,13.02558804,12.70325405,12.92640853,1839000
5/7/2021,13.06691456,13.19088876,12.71152069,12.82723052,2342700
5/10/2021,12.7693758,13.2900689,12.7693758,13.10823937,1655300
5/11/2021,12.61233997,12.65366497,12.34786049,12.48010063,1490100
5/12/2021,12.24868107,12.73631426,12.16189929,12.56274991,1300200
5/13/2021,12.44704056,12.79416844,12.30653606,12.38918525,4295000
5/14/2021,12.85202694,12.95120647,12.54622318,12.5875474,1507700
5/17/2021,12.80243587,12.88508587,12.64540182,12.77764119,1953100
5/18/2021,12.80243587,13.03385556,12.70325635,12.77764119,1569300
5/19/2021,12.62886906,12.68259178,12.44704035,12.64539937,1471000
5/20/2021,12.62060356,12.63713308,12.33959459,12.62886793,2287000
5/21/2021,12.57927704,12.69085347,12.4718324,12.65366185,1618000
5/24/2021,12.7693758,12.77764096,12.50489707,12.64540159,1277500
5/25/2021,12.67019463,13.01732331,12.63713479,12.72804914,1780100
5/26/2021,12.97599697,13.05038179,12.5544835,12.67019331,1677000
5/27/2021,13.23221397,13.28593671,13.01732462,13.11650414,2589600
5/28/2021,13.11650467,13.3396584,12.95533804,13.27353872,1710300
6/1/2021,13.51322174,13.59587173,13.19088773,13.33139145,2186900
6/2/2021,13.43883801,13.59587284,13.38924864,13.59587284,1879800
6/3/2021,13.21568203,13.37271684,13.12559372,13.37271684,1065200
6/4/2021,13.28179836,13.37271348,13.20245493,13.29006352,2159300
6/7/2021,13.4884243,13.58760459,13.35618497,13.38098044,2176800
6/8/2021,13.53801823,13.65372886,13.34792432,13.46363496,1981100
6/9/2021,13.46363449,13.63719807,13.44710418,13.60413744,1576600
6/10/2021,13.36445332,13.51322299,13.27353816,13.51322299,1427300
6/11/2021,13.52974987,13.53801345,13.2487409,13.32312572,2160200
6/14/2021,13.43883801,13.69505157,13.34792285,13.60413642,1668000
6/15/2021,13.38097858,13.5132179,13.35618312,13.5132179,2778900
6/16/2021,13.48016262,13.65785956,13.38924904,13.44710357,1847400
6/17/2021,13.14129639,13.52975082,13.06691235,13.47189473,1233400
6/18/2021,12.98426342,13.13303308,12.8685536,13.06691341,2604400
6/21/2021,13.20741749,13.25287506,12.97186604,13.01732362,1083700
6/22/2021,13.05038452,13.18675646,12.96773453,13.17435873,1247200
6/23/2021,13.0007906,13.19088522,12.97599592,13.07517541,1503000
6/24/2021,12.89334869,13.01732288,12.70738662,13.00079257,2052500
6/25/2021,12.85202694,13.02559132,12.76111178,12.92641179,25727200
6/28/2021,12.55448246,12.83549142,12.2528114,12.8189619,3958900
6/29/2021,12.40561676,12.63718805,12.39734616,12.53794321,1615500
6/30/2021,12.62064934,12.71989419,12.28983237,12.33118459,1978600
7/1/2021,12.71162415,12.86049183,12.67854253,12.76124697,2527000
7/2/2021,12.74470615,12.8356812,12.67854291,12.73643555,1163900
7/6/2021,12.33945465,12.72816423,12.14923477,12.67854141,2918600
7/7/2021,12.21539879,12.41802379,12.11201864,12.2319392,1700300
7/8/2021,12.19058704,12.49659219,11.6943628,11.90939291,2074900
7/9/2021,12.43869877,12.52967301,12.20712747,12.38907595,1911600
7/12/2021,12.52967072,12.62891633,12.21539583,12.31464066,1663600
7/13/2021,12.08307171,12.46764599,12.0748019,12.43042908,1421300
7/14/2021,12.33118248,12.401481,12.1078818,12.16990972,1264200
7/15/2021,12.33118248,12.43869792,12.11615161,12.16577442,1330700
7/16/2021,12.00863647,12.49659003,11.97968938,12.46350842,1169500
7/19/2021,11.65300941,11.84322849,11.43797854,11.70263144,1861200
7/20/2021,12.03344822,12.20712688,11.54549384,11.69436149,2338000
7/21/2021,12.42215729,12.50486092,12.09961099,12.15750361,1367200
7/22/2021,12.26501942,12.34027983,12.07066504,12.28983043,1285800
7/23/2021,12.07480049,12.43869823,12.01690708,12.37253501,964200
7/26/2021,12.31464291,12.36426493,12.00036718,12.13269363,980500
7/27/2021,12.2484808,12.4304293,12.18231677,12.22366899,1147600
7/28/2021,12.35599327,12.45523889,12.06652937,12.37253447,1343800
7/29/2021,12.51313591,12.6495977,12.40562044,12.50486531,1438300
7/30/2021,12.36426353,12.64545762,12.2815599,12.48832017,2158300
8/2/2021,12.21539879,12.75297525,12.18231638,12.4304289,1647000
8/3/2021,12.10788345,12.27329154,11.7936077,12.24020992,1865500
8/4/2021,11.79360676,12.1409641,11.73984864,11.97555524,1311700
8/5/2021,12.28983116,12.28983116,11.81841796,11.84322897,1413700
8/6/2021,12.35599327,12.60410575,12.00036615,12.24020803,1932900
8/9/2021,11.93420219,12.13269185,11.74398235,12.13269185,1270600
8/10/2021,12.22367001,12.23194061,11.80187955,11.83496117,1285400
8/11/2021,12.41388416,12.44696577,12.08306733,12.30636875,1349900
8/12/2021,12.38080788,12.57102699,12.2484814,12.48832333,1353900
8/13/2021,12.24020958,12.33945443,12.17404635,12.32291322,941900
8/16/2021,12.11615372,12.26088609,11.95074563,12.15750594,861200
8/17/2021,11.93420219,12.05412273,11.75225295,12.03344702,1437000
8/18/2021,11.95074558,12.04172062,11.8018787,11.93420517,1473000
8/19/2021,11.93420219,11.9507426,11.66954853,11.85149778,2110100
8/20/2021,11.99209595,12.05825917,11.71090185,11.83495849,1205100
8/23/2021,11.97555351,12.21539616,11.9590131,12.09961014,1275900
8/24/2021,12.07480049,12.20712694,11.99209607,12.07480049,2622700
8/25/2021,12.15750313,12.37253399,12.00036568,12.08306931,2278900
8/26/2021,12.00036526,12.35185784,11.97141895,12.20712551,1044900
8/27/2021,12.42215729,12.49659032,12.00863675,12.06652937,1533400
8/30/2021,12.19885921,12.45524237,12.09134375,12.43043056,1395000
8/31/2021,12.22367001,12.28983325,12.045856,12.10788473,1669800
9/1/2021,12.55448246,12.59583388,12.3146406,12.48831924,1574900
9/2/2021,12.62891674,12.79018949,12.49907085,12.59583434,2244600
9/3/2021,12.51313591,12.72816685,12.44697266,12.62892198,1465300
9/7/2021,12.4304285,12.58756677,12.31464325,12.47178072,1268100
9/8/2021,12.33945465,12.52140393,12.25675022,12.38080687,1601000
9/9/2021,12.18231869,12.3559974,12.14923707,12.33532168,1698600
9/10/2021,11.98382854,12.31464555,11.97555794,12.26502272,1269800
9/13/2021,12.59583664,12.68267637,12.0665308,12.17404624,1656800
9/14/2021,12.49659348,12.73643542,12.41802512,12.73643542,1484800
9/15/2021,12.63718987,12.66200167,12.41388914,12.49659279,1630700
9/16/2021,12.69508266,12.81086793,12.546215,12.59583703,1589600
9/17/2021,12.69508266,12.92665398,12.67027086,12.78605691,4391200
9/20/2021,12.63718987,12.66200167,12.31381691,12.39734794,1778300
9/21/2021,12.99281693,13.13341399,12.69508239,12.76951543,3653600
9/22/2021,13.30709362,13.43114949,13.09619801,13.12514433,2922900
9/23/2021,13.3897934,13.51384922,13.19957357,13.39806399,2747300
9/24/2021,13.39806843,13.5221243,13.31536399,13.34844482,1660000
9/27/2021,13.36498356,13.72061147,13.36498356,13.5055806,2082800
9/28/2021,13.28228188,13.61309806,13.20784883,13.36498632,2706900
9/29/2021,13.29883289,13.42296605,13.12090812,13.33193591,1272300
9/30/2021,13.01746559,13.36503944,12.99263911,13.29883498,1982000
10/1/2021,13.48917007,13.57192604,13.14987283,13.1581478,2332700
10/4/2021,13.18297482,13.58020154,13.08366813,13.53882435,1475400
10/5/2021,13.14987087,13.20779957,12.98435897,13.16642159,1284900
10/6/2021,13.27400684,13.27400684,12.74850749,12.95953449,1529500
10/7/2021,13.373312,13.52227241,13.29055604,13.32365905,1770000
10/8/2021,13.38986206,13.55537238,13.28227885,13.31538186,1103400
10/11/2021,13.50571918,13.61743948,13.36503454,13.41468748,1736100
10/12/2021,13.29055786,13.50158567,13.26573217,13.43951829,1107800
10/13/2021,13.06711674,13.31538384,12.92643207,13.26573089,1602400
10/14/2021,13.13332081,13.31124478,13.09194283,13.249179,1765100
10/15/2021,13.31538391,13.53054879,13.19538784,13.38158837,1768200
10/18/2021,13.21607876,13.36503841,12.9347094,12.98436235,1677600
10/19/2021,13.06711674,13.30710808,13.04229026,13.30710808,1097300
10/20/2021,13.02573681,13.09359625,12.81057197,12.99263459,1490900
10/21/2021,12.9760828,13.03401149,12.85608676,12.98435776,820900
10/22/2021,12.99263477,13.09194144,12.8933281,12.92643033,1055800
10/25/2021,13.07538986,13.1415943,12.86850078,12.9760832,892700
10/26/2021,12.9843626,13.15814952,12.92643389,13.12090941,1377900
10/27/2021,12.90160656,13.08366922,12.82712635,13.00091325,1324000
10/28/2021,12.99263477,13.025737,12.65581967,12.90160386,1268400
10/29/2021,13.00091362,13.06711808,12.84781531,12.97608714,1599000
11/1/2021,13.373312,13.40227635,12.97608528,13.00918751,2219600
11/2/2021,13.29883289,13.44779332,13.22021559,13.44779332,2429900
11/3/2021,13.74571228,13.80364098,13.24090237,13.24090237,2485000
11/4/2021,13.61330223,13.87812,13.52227053,13.73743536,2070500
11/5/2021,13.79536819,14.43258714,13.57192754,13.89881277,4050000
11/8/2021,13.3650341,14.08500879,13.24090097,14.01880435,2536000
11/9/2021,13.48089695,13.48917113,13.17470033,13.26573206,2504100
11/10/2021,13.4229641,13.62985319,13.30710671,13.4229641,2508700
11/11/2021,13.25745487,13.44779248,13.13332093,13.42296522,1899400
11/12/2021,13.19952583,13.46434445,13.1291835,13.45606869,2448200
11/15/2021,13.24090481,13.25745632,13.06298002,13.24090481,1490600
11/16/2021,13.10021973,13.2409044,12.93470858,13.2409044,2612200
11/17/2021,13.10849571,13.12504643,12.94298456,13.0340155,1853400
11/18/2021,12.87677765,13.17469766,12.81884817,13.14987119,1749800
11/19/2021,12.95125866,12.98436089,12.53748042,12.69471659,2203800
11/22/2021,12.95125866,13.17469929,12.89332996,13.01746311,1825100
11/23/2021,13.0836668,13.29469377,12.90987993,12.94298215,2259100
11/24/2021,13.1167717,13.18711404,13.0009135,13.07539371,1309800
11/26/2021,12.62851334,12.66161557,11.88371196,12.51265513,3028200
11/29/2021,12.73609352,12.83953807,12.53747938,12.78574646,3403300
11/30/2021,12.42990112,12.59541229,12.36369587,12.47955408,3648800
12/1/2021,12.09887791,12.68644315,12.04508707,12.66161667,4000000
12/2/2021,12.5705843,12.78988708,12.08232657,12.17335751,3269800
12/3/2021,12.42990112,12.63679028,12.33886939,12.57886078,2643800
12/6/2021,13.04228973,13.29055604,12.57885778,12.64506223,3900600
12/7/2021,12.90988159,13.24917963,12.80229915,13.17469942,2727000
12/8/2021,13.26572895,13.3319334,12.87263937,12.95125665,2200400
12/9/2021,13.16642094,13.26158972,13.0422878,13.14159447,1320200
12/10/2021,12.95125866,13.24090374,12.89746784,13.19952576,1473800
12/13/2021,12.60368443,12.92643173,12.5498936,12.92643173,1949900
12/14/2021,12.51265144,12.90987889,12.47954922,12.60368235,1759800
12/15/2021,12.64506245,12.68644043,12.18990624,12.51265354,2992700
12/16/2021,12.51265144,12.84781153,12.47127347,12.70298981,2107400
12/17/2021,12.57885551,12.68230005,12.38851795,12.44644663,4105900
12/20/2021,12.39679813,12.47955411,12.05750004,12.39679813,2337000
12/21/2021,13.17469788,13.18131864,12.47127462,12.5126526,2050500
12/22/2021,13.38986206,13.41055065,13.10849277,13.19952369,1626300
12/23/2021,13.41468811,13.54709858,13.36503517,13.44779112,1108900
12/27/2021,13.51399612,13.51399612,13.22435106,13.33193428,945800
12/28/2021,13.35675907,13.56364816,13.34020914,13.40641359,726700
12/29/2021,13.41468811,13.43123962,13.16642183,13.33193374,928400
12/30/2021,13.38156605,13.58858285,13.37328519,13.42296878,1331700
12/31/2021,13.37328529,13.42296888,13.30703998,13.33188256,1428400
1/3/2022,13.58858299,13.72107362,13.42296892,13.42296892,1912200
1/4/2022,13.77903748,13.94051032,13.6018321,13.66310857,2621700
1/5/2022,13.43125248,13.95293582,13.42297162,13.8121643,2301500
1/6/2022,13.64654922,13.745918,13.51405858,13.55546289,1945900
1/7/2022,13.9198103,14.11854625,13.64240852,13.64240852,2295700
1/10/2022,13.67967129,13.96949514,13.56788202,13.95293342,1830200
1/11/2022,13.87012672,13.94051168,13.58030286,13.67967163,1576500
1/12/2022,13.74591637,13.96121404,13.74591637,13.86184527,951200
1/13/2022,13.84528732,13.97777799,13.77490235,13.82044631,1106300
1/14/2022,13.90325069,13.90325069,13.62584733,13.77075847,832900
1/18/2022,13.82044411,13.94879353,13.76247965,13.85356598,1306200
1/19/2022,13.5637455,13.88669291,13.5637455,13.85356945,1198000
1/20/2022,13.27392006,13.79560179,13.25735833,13.56374237,1302100
1/21/2022,13.18283367,13.34016693,13.02550042,13.2739216,1820300
1/24/2022,13.23251438,13.27391869,12.57006121,12.86816514,1798900
1/25/2022,13.14970875,13.25735759,12.7853587,13.08346343,1060700
1/26/2022,12.99237442,13.51405687,12.90128731,13.29047834,1976600
1/27/2022,12.7108345,13.24907798,12.57834306,13.05862286,1384700
1/28/2022,12.87644672,12.87644672,12.38374646,12.66114904,1666800
1/31/2022,13.35672283,13.38156542,12.67770879,12.71911152,2027700
2/1/2022,13.42296982,13.58444426,13.24907645,13.38156709,1555900
2/2/2022,13.37328529,13.45195269,13.21595287,13.38570738,1726000
2/3/2022,13.26563835,13.38984813,13.16626958,13.28220008,1122000
2/4/2022,13.53061962,13.62584717,13.09174418,13.1579895,1351300
2/7/2022,13.89496899,13.96949517,13.49749551,13.53889982,2952100
2/8/2022,13.9198103,14.19804126,13.8701267,13.95293374,2328500
2/9/2022,14.15995121,14.24275826,13.99847834,13.99847834,1566900
2/10/2022,14.05230141,14.31728427,13.87840803,14.00261781,1928400
2/11/2022,13.9198103,14.25103689,13.80388138,14.06058179,1559500
2/14/2022,13.77903748,14.03573944,13.63412635,13.96949413,1209200
2/15/2022,14.33384609,14.41665315,13.98605772,13.99433859,2126400
2/16/2022,14.8058424,14.8058424,14.32556344,14.37524861,3640800
2/17/2022,14.681633,14.83482658,14.56570408,14.71475645,1720700
2/18/2022,14.48289776,14.80998474,14.41665243,14.58226654,1572000
2/22/2022,14.20135307,14.57398397,14.13924898,14.42493161,1434900
2/23/2022,13.92809105,14.45805359,13.87012659,14.45805359,1577000
2/24/2022,14.29243851,14.33384123,13.39812609,13.56373857,3294500
2/25/2022,14.6981926,14.70233224,14.34212345,14.36696604,3025900
2/28/2022,14.64851189,14.75615995,14.39180987,14.48289778,2752400
3/1/2022,14.52430058,14.71475567,14.27587945,14.68991308,3563100
3/2/2022,14.85552311,14.88864497,14.57398019,14.62366377,2241600
3/3/2022,14.88043976,15.1129472,14.68114835,14.94687023,2078700
3/4/2022,14.63962555,14.68529679,14.32408127,14.67284157,4214100
3/7/2022,13.94210529,14.66453627,13.89228127,14.59810581,2712400
3/8/2022,14.42372704,14.60641039,13.84245936,14.04175073,1966900
3/9/2022,14.68945408,14.91780875,14.61471959,14.74758055,1548600
3/10/2022,14.93856144,14.94686544,14.36559782,14.43202827,1563300
3/11/2022,15.00500202,15.25411756,14.93026752,14.94687554,2488400
3/14/2022,14.81400681,15.19598155,14.73096833,15.11294467,1873400
3/15/2022,14.87213326,15.05481662,14.6936011,15.00499417,1734100
3/16/2022,15.04651833,15.1046448,14.59811141,15.08803678,2417500
3/17/2022,15.18767643,15.18767643,14.94686507,15.02990352,1772700
3/18/2022,15.32053757,15.34960079,15.04651177,15.20428309,5155300
3/21/2022,15.03821468,15.3039366,14.92196016,15.24581013,2133000
3/22/2022,15.06312084,15.3537547,14.99669038,15.21258977,1956800
3/23/2022,14.62302399,15.07142933,14.61471998,14.94687238,1348500
3/24/2022,14.68945408,14.76418857,14.53998511,14.65623805,1396300
3/25/2022,14.99668694,15.00499094,14.77248517,14.77248517,1672700
3/28/2022,14.94686604,15.11294296,14.89704359,15.01329649,2186200
3/29/2022,15.40357685,15.48661532,15.02990611,15.14615902,4061100
3/30/2022,15.25411034,15.44509772,15.18767987,15.44509772,1634200
3/31/2022,14.92195511,15.3952739,14.92195511,15.25410898,2302000
4/1/2022,15.05518818,15.13596003,14.7970521,15.09682247,2201600
4/4/2022,14.96359253,15.05518988,14.59720631,15.01355559,1455900
4/5/2022,14.46397305,15.08849689,14.38903006,14.9802452,1436600
4/6/2022,14.04762459,14.41401079,13.98933436,14.3723765,1680500
4/7/2022,13.7645092,14.10591552,13.63544034,14.04762687,2470700
4/8/2022,13.56465721,13.82279326,13.55633004,13.76450463,1641300
4/11/2022,13.64792633,13.86026531,13.51469471,13.57298335,2866100
4/12/2022,13.88941097,14.03929695,13.71038067,13.72287064,1301400
4/13/2022,14.59720993,14.63468144,13.94770432,13.9560315,2433500
4/14/2022,14.71378326,15.00522807,14.6638218,14.6638218,2703400
4/18/2022,14.69712734,14.92195631,14.5305886,14.57222289,1466500
4/19/2022,15.01355457,15.08849757,14.73876413,14.74708972,2206200
4/20/2022,14.96359253,15.56313651,14.95110256,15.18842152,2712300
4/21/2022,14.81370735,15.35496107,14.75541712,15.22172943,3872600
4/22/2022,14.98857021,15.24670626,14.86366578,14.95526152,2428100
4/25/2022,15.10514736,15.13429168,14.76790555,14.9885701,1382000
4/26/2022,14.93861294,15.16344035,14.85950556,15.03853588,2005700
4/27/2022,15.22172832,15.45488288,14.83868621,14.93861072,2298800
4/28/2022,15.44655609,15.52566346,15.03020685,15.32997881,2398300
4/29/2022,14.73044109,15.44656093,14.67215244,15.37994509,3981300
5/2/2022,14.6135273,14.88909661,14.29202951,14.78053968,2422200
5/3/2022,14.58012486,14.75966261,14.32960787,14.61352797,2286400
5/4/2022,14.56342506,14.70538512,14.18764799,14.61352814,2110400
5/5/2022,14.07073879,14.70955816,13.85779794,14.63022816,2959500
5/6/2022,14.07073879,14.32125575,13.61145557,13.86197413,1968500
5/9/2022,13.27743244,14.06238803,13.18557628,14.00393418,2427900
5/10/2022,13.82022095,13.97053177,13.41104237,13.50289934,2696900
5/11/2022,13.54465389,14.07074186,13.3275392,13.92043101,2607900
5/12/2022,13.45279789,13.5363025,13.04361847,13.46949786,2788200
5/13/2022,13.70331478,13.72836712,13.39851851,13.5697055,2821000
5/16/2022,13.62816143,13.81187541,13.52795525,13.76177073,1630300
5/17/2022,14.09579372,14.1918269,13.71166739,13.77847204,1847800
5/18/2022,13.67826271,14.32543457,13.58640732,14.15424757,1904500
5/19/2022,13.55300236,13.79517015,13.4569708,13.51960084,1799500
5/20/2022,12.96011448,13.77012104,12.71794663,13.73671951,2519400
5/23/2022,13.04361725,13.1855773,12.83485257,13.09372112,1986800
5/24/2022,12.8098011,12.96011193,12.46742715,12.96011193,2335600
5/25/2022,13.23568249,13.31083711,12.75134844,12.80145152,1900900
5/26/2022,13.72001553,13.82022168,13.29413537,13.35258923,1952800
5/27/2022,14.12919712,14.1375479,13.78682309,13.90373083,2071900
5/31/2022,13.95382881,14.10413962,13.71166264,14.10413962,1584600
6/1/2022,14.35586071,14.44799335,13.70256116,14.05433846,2126600
6/2/2022,14.37261295,14.44799392,14.11296829,14.28048031,2244100
6/3/2022,14.19673157,14.39774703,14.13140062,14.23023335,1620900
6/6/2022,14.39774132,14.46055773,14.07946576,14.36423795,1759900
6/7/2022,14.55687714,14.5903805,14.15484637,14.25535486,1684900
6/8/2022,14.31398296,14.48987081,14.2595408,14.48987081,1139500
6/9/2022,13.92870235,14.30560717,13.90357643,14.23860204,1792300
6/10/2022,13.28378105,13.82401008,13.22515176,13.63555923,2645100
6/13/2022,12.37920952,12.90687552,12.32895607,12.83987039,2760600
6/14/2022,12.412714,12.58022766,12.19494769,12.37083639,1509800
6/15/2022,12.96550465,13.22933804,12.59697643,12.68910829,2140700
6/16/2022,12.412714,12.90687752,12.32477006,12.83987238,2833100
6/17/2022,12.32057953,12.59697588,12.19075719,12.50484403,3293000
6/21/2022,12.42946339,12.84824584,12.28288937,12.47971683,1955700
6/22/2022,12.27032471,12.57603648,12.2284471,12.23682215,2678500
6/23/2022,12.09443855,12.32058149,11.96880412,12.27032724,2111500
6/24/2022,12.55510044,12.7226133,12.14469374,12.23682561,3549000
6/27/2022,12.57184982,12.78124106,12.40852412,12.64723079,1319900
6/28/2022,12.5634737,13.02832248,12.49646857,12.68910812,1828600
6/29/2022,12.34570694,12.56347401,12.10281314,12.47134216,1809500
6/30/2022,12.28707886,12.50903387,11.9771799,12.11119017,1911300
7/1/2022,12.42995358,12.57282667,12.23665515,12.26186782,1971700
7/5/2022,12.52239609,12.56021547,12.05175613,12.13579858,1591800
7/6/2022,12.32069397,12.68628108,12.13159785,12.51399313,1342800
7/7/2022,12.74931335,12.80394091,12.45516276,12.45516276,1701800
7/8/2022,12.65686607,12.82495178,12.42994977,12.81654729,1271300
7/11/2022,12.60643864,12.66526843,12.38792684,12.56441701,748300
7/12/2022,12.74931335,12.87537744,12.5476105,12.5476105,1267100
7/13/2022,12.76611996,12.83755648,12.48037469,12.53079999,1234600
7/14/2022,12.74931335,12.89218641,12.50558887,12.50558887,1716500
7/15/2022,13.03506088,13.06867803,12.74091026,12.9594221,1453300
7/18/2022,13.17792988,13.35442004,13.00564196,13.19473805,1544300
7/19/2022,13.46368122,13.54772449,13.32080814,13.40485061,1934700
7/20/2022,13.70740318,13.73261664,13.31240194,13.48889134,1335500
7/21/2022,13.54772377,13.63176543,13.23676416,13.5309148,1209400
7/22/2022,13.24516773,13.74102121,13.19474161,13.68219141,1008600
7/25/2022,13.40484619,13.52670801,13.21154785,13.27878213,1122600
7/26/2022,13.37123013,13.52250766,13.32080482,13.37123013,1001300
7/27/2022,13.67378712,13.70740346,13.47208425,13.56453039,785400
7/28/2022,13.91751194,13.92591643,13.6233613,13.82506579,870400
7/29/2022,14.01835823,14.15282676,13.80825095,13.91750603,1038900
8/1/2022,13.93406963,14.08580043,13.7486182,13.90878036,970300
8/2/2022,13.71489811,14.00993311,13.71489811,13.90877765,816100
8/3/2022,13.90877533,14.13637386,13.79076199,13.8244794,1226500
8/4/2022,14.0015049,14.0015049,13.76547655,13.95935612,1444000
8/5/2022,13.79076767,14.1700971,13.71068578,13.87506203,1237500
8/8/2022,13.88348675,14.00993145,13.71911056,13.92563552,1377000
8/9/2022,13.84977055,13.89191771,13.64746125,13.86663006,1390000
8/10/2022,13.98464394,14.16166397,13.93828109,14.11108705,1230600
8/11/2022,14.14480686,14.27967974,14.08579857,14.2291012,1352700
8/12/2022,14.54942131,14.54942131,14.30074922,14.33025255,1576900
8/15/2022,14.54099655,14.65732494,14.43984109,14.46513035,1200400
8/16/2022,14.54942131,14.62528748,14.40190304,14.4988444,1051900
8/17/2022,14.45670033,14.58314345,14.37240437,14.43141266,1047200
8/18/2022,14.62528992,14.84867279,14.43141038,14.44826828,1799500
8/19/2022,14.2965374,14.57471451,14.14059094,14.54099549,1556200
8/22/2022,14.16166019,14.25438587,13.99306996,14.06050637,946500
8/23/2022,13.95092392,14.27124816,13.94249577,14.17009272,1292700
8/24/2022,14.06894016,14.18695352,13.94249705,13.99307397,1155900
8/25/2022,14.25439262,14.27125214,14.11108997,14.11108997,1222000
8/26/2022,13.77390385,14.29653577,13.76547409,14.22067119,1048500
8/29/2022,13.61374283,13.80762238,13.53366257,13.76547521,638300
8/30/2022,13.51259136,13.74018836,13.4662285,13.68961143,935400
8/31/2022,13.41143131,13.59688107,13.38614285,13.57159342,1239600
9/1/2022,13.20823288,13.30136756,13.04312942,13.24210011,1157100
9/2/2022,13.06429672,13.47493699,13.034663,13.36910179,1570300
9/6/2022,13.11509418,13.17859513,12.89072414,13.10662718,1416200
9/7/2022,13.43683243,13.50456687,13.08969322,13.11509343,1794800
9/8/2022,13.40296745,13.50118265,13.2082311,13.30136577,962500
9/9/2022,13.68237019,13.77550565,13.47916686,13.57230232,1209300
9/12/2022,13.91944504,13.92791205,13.75010808,13.78397612,765600
9/13/2022,13.41989994,13.65696969,13.30983127,13.50456759,1487800
9/14/2022,13.57230663,13.59347335,13.31830118,13.44530391,2054200
9/15/2022,13.33523464,13.68237395,13.30983442,13.60617248,1590500
9/16/2022,13.34370041,13.47070231,13.03466186,13.2166977,2889300
9/19/2022,13.44530106,13.45376806,13.14896224,13.18282946,1360200
9/20/2022,13.32676601,13.38180076,13.22516434,13.32676601,1473700
9/21/2022,12.78488922,13.52150193,12.77642221,13.47070069,1367500
9/22/2022,12.35308266,12.7848904,12.19644623,12.76795638,1971500
9/23/2022,12.07367992,12.19221483,11.86200952,12.1498814,1907800
9/26/2022,11.75193882,12.14564583,11.67573736,11.9890094,2440200
9/27/2022,11.8874073,12.20067934,11.77733862,11.92127453,1779400
9/28/2022,12.37848186,12.45044982,11.91280694,11.98054138,1948500
9/29/2022,11.97207546,12.23031274,11.71383737,12.15834479,1872100
9/30/2022,11.9043417,12.19221272,11.87894067,12.00594338,2915000
10/3/2022,12.10005188,12.25321654,11.9213591,12.15961587,2338000
10/4/2022,12.63612938,12.64463794,12.31278052,12.31278052,2636100
10/5/2022,12.66165924,12.67016862,12.39361963,12.44042038,1827000
10/6/2022,12.68718529,12.80631408,12.55954793,12.65314861,1690800
10/7/2022,12.50849247,12.68293057,12.42340117,12.56805727,1677800
10/10/2022,12.4148922,12.67442241,12.37660083,12.58507561,1389200
10/11/2022,12.58507729,12.67867797,12.27023772,12.45743991,1187000
10/12/2022,12.7892952,12.88715137,12.41318998,12.54252905,1489600
10/13/2022,13.11264515,13.18497321,12.37234665,12.58507613,1398600
10/14/2022,12.95947838,13.46152004,12.86162302,13.32537331,2153200
10/17/2022,13.45301437,13.46152294,13.26581218,13.27432156,2585200
10/18/2022,13.69977856,13.85294404,13.64446844,13.64872394,3730300
10/19/2022,13.69977856,13.90825253,13.42748428,13.56363101,1686600
10/20/2022,13.65723228,14.09971,13.55937773,13.79337903,2463600
10/21/2022,13.99760056,14.02312705,13.62745009,13.75083358,1879800
10/24/2022,13.99760056,14.18054804,13.95079981,14.0401458,2014500
10/25/2022,14.19330692,14.308181,13.85379063,13.98908688,1223400
10/26/2022,14.15076351,14.3890211,14.13374639,14.28691186,1354100
10/27/2022,14.2358551,14.50814855,14.18480049,14.32945658,1061000
10/28/2022,14.44858742,14.51666079,14.14225804,14.27840479,1198000
10/31/2022,14.56771851,14.65706452,14.37200611,14.39753424,1716700
11/1/2022,14.69595146,14.80708941,14.49504643,14.74724577,994500
11/2/2022,13.85813427,14.55916406,13.81966476,14.54206542,2104100
11/3/2022,13.74699783,13.87523443,13.28107029,13.6871542,1924700
11/4/2022,13.85813427,14.11888291,13.72134837,13.89233156,1876100
11/7/2022,13.84958839,14.04621795,13.61876154,13.93507837,1637000
11/8/2022,13.4819746,13.9393528,13.21695129,13.89233233,2673300
11/9/2022,13.25114632,13.59738572,13.20840052,13.41357936,1732100
11/10/2022,13.96927452,14.23857249,13.6957027,13.76409566,1833600
11/11/2022,14.08041191,14.17872668,13.94362601,14.0633149,1260800
11/14/2022,13.84103584,14.11460762,13.84103584,13.97782173,998000
11/15/2022,13.90943146,14.21719895,13.81539053,14.13170898,1101500
11/16/2022,13.69570255,13.90943074,13.69570255,13.79829117,1084500
11/17/2022,13.65295601,13.70852498,13.46487499,13.49907146,1256000
11/18/2022,14.08041191,14.10605988,13.81538942,13.9778233,1707300
11/21/2022,14.04621792,14.1231602,13.9128514,14.05476724,934400
11/22/2022,14.39673042,14.43092608,14.080412,14.2171979,1532200
11/23/2022,14.20010281,14.48222398,14.19155348,14.30269143,918800
11/25/2022,14.29414177,14.36681021,14.13170951,14.20865179,501900
11/28/2022,14.10605907,14.31978724,14.10605907,14.1659027,1356600
11/29/2022,14.3796339,14.40528188,14.09323888,14.19155366,1591700
11/30/2022,14.58480835,14.58480835,14.15735205,14.29413794,3134600
12/1/2022,14.60199165,14.77378045,14.45597167,14.64493803,1134900
12/2/2022,14.48173809,14.56763083,14.39584371,14.43879008,859700
12/5/2022,14.26700401,14.44738075,14.20258281,14.37007597,1603200
12/6/2022,14.33572006,14.40443525,14.20687929,14.32713046,1567400
12/7/2022,14.24123669,14.50321386,14.19829031,14.33572069,1740000
12/8/2022,14.55904675,14.61917234,14.37007873,14.37007873,1399900
12/9/2022,14.43879032,14.61916869,14.41302315,14.49032793,1508100
12/12/2022,14.65352345,14.65781906,14.39584197,14.48173634,1574300
12/13/2022,14.71365166,15.11735478,14.5934005,15.0314604,1914700
12/14/2022,14.30135918,14.70506227,14.20687683,14.67070386,1641400
12/15/2022,13.99214172,14.24982322,13.95348934,14.12957207,1285300
12/16/2022,13.93201733,14.00073252,13.60562059,13.76881978,2644400
12/19/2022,13.83753586,13.99643944,13.70439945,13.95778704,982700
12/20/2022,13.73445988,13.88906945,13.73016508,13.77740789,987500
12/21/2022,13.33076,13.79458713,13.21050801,13.71728315,1850100
12/22/2022,13.36511898,13.37199001,13.13749938,13.16756217,1301700
12/23/2022,13.59703064,13.62279863,13.28351749,13.37370587,845600
12/27/2022,13.66574383,13.70010142,13.55837626,13.64856544,1225200
12/28/2022,13.35652447,13.75163712,13.34793487,13.67433234,1505600
12/29/2022,13.62556648,13.62556648,13.43463474,13.49538624,864400
12/30/2022,13.69499683,13.73839053,13.42595743,13.45199332,1389900
1/3/2023,13.4433136,13.91196445,13.34784814,13.85989186,1335400
1/4/2023,13.69499683,13.88592858,13.56481658,13.64292507,1394400
1/5/2023,13.36520195,13.66027798,13.3044513,13.66027798,1378800
1/6/2023,13.51274204,13.66895898,13.40859769,13.40859769,1232600
1/9/2023,13.55613708,13.61688775,13.46935053,13.48670751,1308800
1/10/2023,13.89460564,13.89460564,13.48670631,13.51274219,1154100
1/11/2023,14.41532993,14.41532993,13.93800015,13.93800015,2216000
1/12/2023,14.49343777,14.6062602,14.38061368,14.40665039,1328800
1/13/2023,14.31118488,14.45004404,14.24175531,14.39797227,942500
1/17/2023,14.55419064,14.55419064,14.36325804,14.38061585,870600
1/18/2023,14.2938261,14.56286714,14.20704038,14.51947262,1135200
1/19/2023,14.34589767,14.36325382,14.18620951,14.18968074,717400
1/20/2023,14.68437195,14.70172976,14.2417577,14.44136756,1136600
1/23/2023,14.97944641,14.97944641,14.63663713,14.71040699,906000
1/24/2023,14.99680233,15.02283738,14.753798,14.96208672,774400
1/25/2023,15.07490635,15.1009414,14.87529494,14.92736835,1188100
1/26/2023,15.153018,15.25716319,15.0054816,15.1616969,914000
1/27/2023,15.30055618,15.35696823,15.13566198,15.13566198,1198300
1/30/2023,15.16978359,15.34066254,15.10003753,15.23952966,1330600
1/31/2023,15.45748329,15.53158941,15.12618996,15.19593601,1403000
2/1/2023,15.57953739,15.70595095,15.27003778,15.41388992,1387600
2/2/2023,15.70159435,15.88467711,15.54030693,15.69287589,1644500
2/3/2023,15.54466629,15.69287686,15.4836387,15.55338475,1225100
2/6/2023,15.30927467,15.51851286,15.17850102,15.4138946,1146100
2/7/2023,15.48364353,15.5272342,15.13491316,15.2133777,3289000
2/8/2023,15.26568031,15.56210142,15.17413894,15.30927097,1642400
2/9/2023,15.13490868,15.42261136,15.09131635,15.34414684,1357200
2/10/2023,14.86464214,15.11747264,14.79925615,15.08259878,1791600
2/13/2023,15.3179903,15.3179903,14.80361257,14.86464015,1686900
2/14/2023,15.34415054,15.50979808,15.12619386,15.22209367,1674200
2/15/2023,15.43132877,15.50543322,15.23952589,15.24824435,1169900
2/16/2023,14.97798347,15.2744047,14.9125958,15.16106629,1869600
2/17/2023,14.82976913,15.02157037,14.73386769,15.00413344,1415900
2/21/2023,14.53334904,14.75566408,14.38949685,14.64668576,1720600
2/22/2023,14.48104095,14.69463755,14.12359217,14.42873016,2436600
2/23/2023,14.75130939,14.79054167,14.40693741,14.5595081,1107100
2/24/2023,14.54206562,14.63796706,14.41129198,14.55950255,1672500
2/27/2023,14.57710934,14.8530587,14.57710934,14.75231565,1797400
2/28/2023,14.46322441,14.8180164,14.45446393,14.61214926,1949100
3/1/2023,14.73479271,14.83553574,14.41942205,14.55082761,2041000
3/2/2023,14.74355221,14.81801546,14.57710641,14.67347003,920700
3/3/2023,14.80487537,14.98008167,14.73917427,14.8399173,1252300
3/6/2023,14.66471291,14.90124094,14.56834926,14.90124094,1144200
3/7/2023,14.44570446,14.71727273,14.34233311,14.68223247,1001100
3/8/2023,14.52454472,14.56396604,14.37561988,14.48074398,1144700
3/9/2023,13.83248425,14.55082789,13.80620364,14.55082789,1387200
3/10/2023,13.58719444,13.83248205,13.42950914,13.79744096,2339100
3/13/2023,13.42951107,13.58281616,13.21926452,13.39446998,2555800
3/14/2023,13.52587414,13.8412448,13.37695012,13.77992227,2319900
3/15/2023,13.42075157,13.51711521,13.1491833,13.1842244,2268100
3/16/2023,13.3068676,13.54777585,13.15794358,13.24554589,2095300
3/17/2023,12.96521378,13.34190522,12.8469498,13.34190522,3404700
3/20/2023,13.22802544,13.31124751,13.0090184,13.08786023,1662200
3/21/2023,13.14918327,13.49959421,13.13604255,13.4119919,3581600
3/22/2023,12.37827778,12.86009343,12.35199717,12.76372979,2801100
3/23/2023,12.13298893,12.5797626,12.13298893,12.41331764,1680000
3/24/2023,12.31695747,12.37827918,11.96654568,11.99282629,2626300
3/27/2023,12.46587944,12.59728416,12.36951665,12.51844149,2169500
3/28/2023,12.62356472,12.64546592,12.29505418,12.32571503,2495000
3/29/2023,13.03529644,13.07909801,12.75058751,12.78124836,2530700
3/30/2023,13.27310562,13.34797055,13.15860627,13.34356663,1691300
3/31/2023,13.66945076,13.68706559,13.37439494,13.40522153,1696500
4/3/2023,13.66063881,13.8367913,13.54173556,13.64302314,1629000
4/4/2023,13.5901804,13.75752508,13.41402703,13.71348674,985400
4/5/2023,13.46687412,13.55495081,13.37879744,13.46687412,1329500
4/6/2023,13.52852631,13.60339123,13.42283479,13.59018032,1044500
4/10/2023,13.56375408,13.65183075,13.42723601,13.52852358,1358600
4/11/2023,13.68706417,13.79275569,13.61660316,13.64302583,1719900
4/12/2023,13.56375408,13.85440589,13.56375408,13.82798323,2231200
4/13/2023,13.80156136,13.86321452,13.56375485,13.59017836,1747800
4/14/2023,13.77513981,13.94248448,13.62981388,13.82798514,1492500
4/17/2023,14.10102177,14.11423268,13.71788933,13.77513942,3010100
4/18/2023,14.00413609,14.18469249,13.88523368,14.08340492,1783200
4/19/2023,13.80156136,13.9944484,13.68265811,13.94248335,2039400
4/20/2023,13.57256508,13.75312152,13.44045089,13.72229494,3897900
4/21/2023,13.5901804,13.61660307,13.36558561,13.61660307,2663000
4/24/2023,13.54614162,13.62100655,13.3787961,13.52852595,2703000
4/25/2023,13.15860462,13.47567998,13.10135537,13.44044948,1804000
4/26/2023,13.02649021,13.27310372,12.99125971,13.12337388,1337200
4/27/2023,13.03534603,13.10176237,12.93350675,13.03534603,1923100
4/28/2023,13.1858902,13.3275786,12.95564612,12.99106822,1707800
5/1/2023,13.16817951,13.39842361,13.10619104,13.15932377,1811000
5/2/2023,12.99106884,13.14161299,12.80067472,13.06191305,1928300
5/3/2023,13.354146,13.68180068,13.09733554,13.34529027,2223400
5/4/2023,13.41613674,13.58882027,13.15932623,13.35414826,1637600
5/5/2023,13.71722031,13.79692024,13.49140412,13.64637611,1332200
5/8/2023,13.57553387,13.73493375,13.49583392,13.73493375,1172100
5/9/2023,13.73493385,13.79249445,13.45155618,13.46041192,1299300
5/10/2023,13.9474678,14.08030049,13.68180158,14.00945628,3754300
5/11/2023,13.62866592,13.84119852,13.56667662,13.70836501,1180000
5/12/2023,13.55782318,13.69508372,13.5046896,13.61981165,1025500
5/15/2023,13.55782318,13.68180012,13.46483963,13.64637802,1392800
5/16/2023,13.4958334,13.61981117,13.36300073,13.48697766,1636100
5/17/2023,13.62866592,13.75264285,13.49583242,13.60209872,1108200
5/18/2023,13.55782318,13.78363856,13.42498966,13.56667807,2161900
5/19/2023,13.46041203,13.73493396,13.34617589,13.68180038,1651900
5/22/2023,13.2833004,13.50468874,13.19917259,13.47812238,1304000
5/23/2023,13.20359898,13.33643247,13.13718265,13.318721,1429200
5/24/2023,12.92908096,13.2124578,12.88480312,13.15932422,1523200
5/25/2023,12.875947,12.92908058,12.5881423,12.88480274,2253100
5/26/2023,12.84938049,12.9202247,12.76968055,12.84938049,2029400
5/30/2023,12.94733143,13.00521115,12.84938081,12.91171294,1583500
5/31/2023,12.93842697,13.00075996,12.80040545,12.95623664,1965200
6/1/2023,13.15213585,13.17884949,12.92061532,13.02747075,1315900
6/2/2023,13.68641472,13.74429528,13.34803871,13.3836572,1829800
6/5/2023,13.5439415,13.82888937,13.50832301,13.60627363,1120000
6/6/2023,13.65970039,13.77546067,13.48606041,13.50832164,1905000
6/7/2023,13.8377924,13.92683902,13.72648454,13.79326909,2072200
6/8/2023,13.93574429,14.00252968,13.59736913,13.77546154,1919500
6/9/2023,13.80217648,13.94465042,13.72203467,13.89122312,1280000
6/12/2023,13.64189053,13.83779259,13.59291565,13.79326928,1158800
6/13/2023,13.5439415,13.80662814,13.50832301,13.6775106,1489900
6/14/2023,13.51722622,13.65079531,13.37920387,13.58846318,1243100
6/15/2023,13.33913517,13.47270513,13.17885241,13.46380029,1323300
6/16/2023,13.48160744,13.49941625,13.28570538,13.44598896,2484400
6/20/2023,13.21446896,13.51722646,13.18775531,13.48160798,1009200
6/21/2023,13.12542248,13.2144691,13.00075822,13.16994579,1117700
6/22/2023,13.03637695,13.15213723,12.91438346,13.13432756,924700
6/23/2023,12.78704739,12.99630672,12.74252492,12.87609402,1903100
6/26/2023,13.00966454,13.06309269,12.74252631,12.78704878,1244500
6/27/2023,13.16994667,13.21001757,12.80485701,12.97404459,1014400
6/28/2023,13.05418777,13.20556656,13.00966445,13.20556656,1025300
6/29/2023,13.45709133,13.48395241,13.02732435,13.04523088,933300
6/30/2023,13.52872086,13.58691901,13.39889572,13.57348847,1936600
7/3/2023,13.85104752,13.86000036,13.43918699,13.46604722,631100
7/5/2023,13.70779228,13.89581559,13.58244313,13.89581559,1324600
7/6/2023,13.62721252,13.63616537,13.33622426,13.53767728,1320500
7/7/2023,13.68093109,13.89581548,13.5376754,13.58244302,1530500
7/10/2023,14.02116299,14.03011668,13.59139594,13.68093032,1411800
7/11/2023,13.97639656,14.24500141,13.94953633,14.10174572,1700700
7/12/2023,13.83314133,14.31662973,13.82418763,14.31662973,1612900
7/13/2023,13.82418728,13.89581598,13.68093158,13.85104836,1564700
7/14/2023,13.60034847,13.81523284,13.37651126,13.81523284,1703200
7/17/2023,13.60930252,13.71674428,13.51081445,13.52872099,1246700
7/18/2023,13.82418728,13.83761782,13.60482689,13.62721113,1465900
7/19/2023,13.85999966,14.01220903,13.85104682,13.93162835,1313900
7/20/2023,13.51081562,13.85552517,13.46157116,13.8062807,2055900
7/21/2023,13.58244324,13.67645446,13.54662931,13.58244324,1209800
7/24/2023,13.56453609,13.66391988,13.46604802,13.60930371,978400
7/25/2023,13.52872086,13.61825608,13.4750004,13.56453478,1153800
7/26/2023,13.555583,13.70331554,13.50186169,13.55110615,1429000
7/27/2023,13.48395443,13.68093057,13.46604704,13.65407034,1298700
7/28/2023,13.9070158,13.97452542,13.56496611,13.56496611,1539400
7/31/2023,13.95202351,14.11404728,13.83950719,13.88001313,1392100
8/1/2023,13.77199841,13.92502068,13.58297094,13.89801614,2312800
8/2/2023,13.51095963,13.69548632,13.42994774,13.61897519,1351900
8/3/2023,13.24091721,13.40294094,13.00238236,13.40294094,2720600
8/4/2023,13.5199604,13.88901377,13.33993362,13.4209455,2505800
8/7/2023,13.72698879,13.78099699,13.36693697,13.47495252,1452100
8/8/2023,13.61897469,13.69998657,13.42094573,13.60997317,1916600
8/9/2023,13.78999519,13.86200555,13.5874664,13.67297816,1887500
8/10/2023,13.58296871,13.88001169,13.5154591,13.86200867,1041100
8/11/2023,13.4299469,13.60097131,13.36243728,13.56496613,1328000
8/14/2023,13.39394093,13.42994611,13.30392754,13.41194309,793900
8/15/2023,13.33093166,13.4299457,13.21391461,13.26792195,912400
8/16/2023,13.26792336,13.48845522,13.25892184,13.35793675,735400
8/17/2023,13.02488899,13.33093351,13.00688597,13.26792379,988600
8/18/2023,13.24091721,13.28592389,12.89886758,12.90786909,1278700
8/21/2023,13.06989384,13.21391456,13.02488715,13.21391456,1116500
8/22/2023,13.18690777,13.19590928,12.97087672,13.12389893,903100
8/23/2023,13.21391582,13.33093289,13.18691129,13.25892166,904000
8/24/2023,13.09689617,13.36693544,13.08789466,13.21391321,960200
8/25/2023,13.00688553,13.15090627,12.90787148,13.09689892,745400
8/28/2023,13.41194439,13.50195778,13.10590073,13.10590073,1393500
8/29/2023,13.72698879,13.72698879,13.3444332,13.39394064,1644600
8/30/2023,13.63650131,13.73603837,13.55053859,13.69079433,806800
8/31/2023,13.59125805,13.67269628,13.53696503,13.67269628,1289000
9/1/2023,13.60030556,13.75413477,13.5641105,13.65459857,780000
9/5/2023,14.26086807,14.61829506,14.21562403,14.36945326,7291400
9/6/2023,14.47803593,14.48708491,14.23371866,14.24276764,5156100
9/7/2023,14.50518417,14.59567053,14.34230598,14.40564712,3874000
9/8/2023,14.61376953,14.65448908,14.46898929,14.52328145,3772900
9/11/2023,14.52328014,14.69430294,14.4644635,14.65901312,3457600
9/12/2023,14.62281704,14.66806021,14.45089073,14.47803681,2237400
9/13/2023,14.27896404,14.66806071,14.26086694,14.65901345,3340100
9/14/2023,14.36040306,14.51875677,14.05274463,14.41469608,3747500
9/15/2023,14.64996147,14.80379066,14.2880101,14.31515617,42325100
9/18/2023,14.54138088,14.70878273,14.47803973,14.55947885,3556200
9/19/2023,14.45994091,14.61377014,14.40112426,14.58662492,2118500
9/20/2023,14.29706287,14.62281842,14.29706287,14.5142341,2096500
9/21/2023,14.17942905,14.3242093,14.14323399,14.15228297,2142900
9/22/2023,13.96225739,14.24276887,13.9532084,14.21562279,1731600
9/25/2023,14.09798908,14.12965965,13.86272076,13.88081872,1433500
9/26/2023,13.79938126,14.04369858,13.78128329,13.98035658,2140900
9/27/2023,13.86272144,14.12061136,13.82200189,13.88986839,2505200
9/28/2023,14.09012699,14.18109007,13.78995004,13.83543158,2615700
9/29/2023,13.9536829,14.23566688,13.86726806,14.2083783,2432500
10/2/2023,13.89001179,14.06738887,13.73537505,13.94458895,2685400
10/3/2023,13.43519688,13.78085452,13.39881095,13.7717589,1519800
10/4/2023,13.58983231,13.63531385,13.3560581,13.48067713,4215400
10/5/2023,13.63531494,13.75356661,13.58528602,13.59892988,2313400
10/6/2023,13.68079472,13.83997967,13.41700283,13.57163954,2115600
10/9/2023,13.7262764,13.77175794,13.43974331,13.60802474,1678700
10/10/2023,14.02645397,14.05374255,13.75356559,13.83543219,1894100
10/11/2023,14.14470482,14.19928197,13.90365327,14.06283822,1698800
10/12/2023,14.23566628,14.24476276,14.0355489,14.19018561,2132500
10/13/2023,14.22657204,14.35391931,14.15834929,14.29024567,2044000
10/16/2023,14.49036312,14.62680687,14.29479311,14.32662993,1717500
10/17/2023,14.74505806,14.8951474,14.42668902,14.42668902,1784300
10/18/2023,14.67228985,14.7814459,14.52675046,14.61771269,2133700
10/19/2023,14.40849686,14.81782984,14.40849686,14.61771072,2337800
10/20/2023,14.11741734,14.55403806,14.11741734,14.49946004,2628400
10/23/2023,14.09012699,14.3157147,13.84907631,13.95368324,2167200
10/24/2023,14.18109035,14.32663059,14.09467551,14.19928245,1844900
10/25/2023,13.9445858,14.17199261,13.9445858,14.05374097,1804500
10/26/2023,14.04464722,14.21292867,13.92548642,14.00826215,1889900
10/27/2023,13.58073711,14.13560951,13.47612931,14.02645432,2222800
10/30/2023,14.02885437,14.10201651,13.78650423,13.80022246,1257600
10/31/2023,14.33979416,14.34893877,13.94654698,14.11116224,2666200
11/1/2023,14.4678278,14.48611877,14.0837261,14.38552017,2646000
11/2/2023,15.23603249,15.26346895,14.6324443,14.66902625,2234700
11/3/2023,15.41893864,15.56983481,15.31834002,15.44637335,2287300
11/6/2023,15.32748413,15.42808273,15.21774004,15.3457751,2300900
11/7/2023,15.24517536,15.36406318,15.1710992,15.25432085,2112200
11/8/2023,14.41295815,15.17201614,14.3306505,15.13543419,3892100
11/9/2023,14.26663399,14.53184701,14.16603537,14.53184701,3195300
11/10/2023,14.52270031,14.58214423,14.1568887,14.29406838,2316500
11/13/2023,14.57757282,14.68274418,14.32150528,14.44953949,1307600
11/14/2023,15.30004597,15.34119978,14.97081723,15.09885053,2156800
11/15/2023,15.31833935,15.47380913,15.18116054,15.31833935,2021500
11/16/2023,15.04398441,15.42808619,14.979966,15.33663306,1523400
11/17/2023,15.08056164,15.22688593,15.02569046,15.18116024,2954000
11/20/2023,15.12629032,15.15372504,14.99825525,15.10799935,1203600
11/21/2023,14.82449341,15.07141631,14.81992154,15.07141631,2343200
11/22/2023,14.98910999,15.05312666,14.85193117,14.96167528,1278400
11/24/2023,15.00740051,15.0531262,14.9068019,14.98910954,630700
11/27/2023,15.19944954,15.24517522,14.88851001,15.01654332,2401700
11/28/2023,15.19030857,15.27261622,15.03026515,15.19030857,3407100
11/29/2023,15.11678982,15.35571625,15.10760007,15.25463253,3675700
11/30/2023,15.31895924,15.42923446,15.00651482,15.11679004,2743000
12/1/2023,15.5119381,15.62221331,15.1719262,15.19949544,1923100
12/4/2023,15.54869461,15.6819433,15.34652545,15.4567989,1840100
12/5/2023,15.27300835,15.52112447,15.1636516,15.51193472,1478200
12/6/2023,15.17192459,15.47058347,15.08921862,15.3832835,2042400
12/7/2023,15.5395031,15.54869284,15.07083662,15.15354257,1649700
12/8/2023,15.53031731,15.57626604,15.27301139,15.27301139,2195700
12/11/2023,15.64978123,15.74167519,15.54869577,15.54869577,1989600
12/12/2023,15.58545399,15.81978816,15.58545399,15.63140272,2267900
12/13/2023,15.76924419,15.81519117,15.3649041,15.56707503,3568200
12/14/2023,15.99898434,16.44927146,15.92546811,16.00817408,5849100
12/15/2023,15.75086498,16.21034181,15.57626505,16.00817264,7849800
12/18/2023,15.61302185,15.88870899,15.54869538,15.80600302,4196700
12/19/2023,15.58545399,16.0081736,15.52112751,15.81519241,7540400
12/20/2023,15.50274944,15.70491862,15.43842121,15.6130229,4174500
12/21/2023,15.55788422,15.71410639,15.43382527,15.63140043,2969800
12/22/2023,15.54869461,15.8978962,15.54869461,15.62221083,3917700
12/26/2023,15.61302185,15.72329706,15.5027484,15.6038321,2375000
12/27/2023,15.64059258,15.7141088,15.5468582,15.58545409,1771200
12/28/2023,15.612813,15.79338795,15.56651059,15.63133219,1558500
12/29/2023,15.38130665,15.64059304,15.37204617,15.57577144,1996200
1/2/2024,15.60355091,15.67763298,15.27018072,15.36278375,2629300
1/3/2024,15.54798794,15.78875331,15.35352143,15.43686397,2946500
1/4/2024,15.612813,15.73782683,15.52020996,15.62207348,3172800
1/5/2024,15.612813,15.81190891,15.51094948,15.53873092,1959800
1/8/2024,15.72393608,15.72393608,15.43686824,15.43686824,2178700
1/9/2024,15.29796124,15.61651429,15.28870076,15.55724758,1379400
1/10/2024,15.24240208,15.37204705,15.18684096,15.29796496,1838600
1/11/2024,15.28870106,15.32574121,15.07571534,15.14053693,2068100
1/12/2024,15.24240208,15.49242977,15.15906128,15.4739088,1487200
1/16/2024,15.08497715,15.19147002,15.03867475,15.10349634,2098400
1/17/2024,14.96459198,15.0016339,14.76549609,14.85346976,3851700
1/18/2024,14.96459198,15.05719501,14.8210572,15.05719501,2038600
1/19/2024,15.27943993,15.2887004,14.90902961,15.0757147,2264300
1/22/2024,15.37204456,15.46001647,15.27944153,15.39056552,2488100
1/23/2024,15.14980221,15.51095217,15.1034998,15.48317073,2340500
1/24/2024,14.9831171,15.35352755,14.96459614,15.31648739,1916200
1/25/2024,15.19610214,15.23777343,15.00626669,15.21462311,1730200
1/26/2024,15.29796124,15.39056426,15.22387917,15.27944028,1301300
1/29/2024,15.4646492,15.48779952,15.19610056,15.26092216,1898800
1/30/2024,15.33437824,15.48325556,15.33437824,15.36229341,1470700
1/31/2024,14.94357681,15.35299039,14.93427176,15.33438028,2478300
2/1/2024,15.25063515,15.2599402,14.8737893,14.95288049,2059100
2/2/2024,15.101758,15.232027,14.93427056,15.0552345,1554400
2/5/2024,14.87844086,15.00870807,14.78539298,14.89705097,1616300
2/6/2024,14.87844086,15.03197159,14.8040022,14.83191647,1414900
2/7/2024,14.83191681,14.92496647,14.71095465,14.91566141,1568300
2/8/2024,14.94357681,14.95288187,14.75748014,14.77609025,986900
2/9/2024,14.99940681,15.0087101,14.78539498,15.0087101,1337600
2/12/2024,15.092453,15.17619672,15.02731939,15.06453961,1243200
2/13/2024,14.56207848,14.72956593,14.39924444,14.63651715,1668500
2/14/2024,14.69234562,14.85983306,14.53416323,14.68304056,2686800
2/15/2024,15.045928,15.045928,14.77608765,14.8319162,2256700
2/16/2024,14.82261372,14.96125602,14.72025989,14.84122294,2240500
2/20/2024,14.80400181,14.96683581,14.57138078,14.66442955,2467000
2/21/2024,15.07384491,15.14828358,14.78539441,14.78539441,2175800
2/22/2024,15.13897896,15.16689235,14.73887045,15.05523523,3494900
2/23/2024,15.12036991,15.51117339,15.11106486,15.13898002,2837000
2/26/2024,14.86913872,15.16689341,14.75748071,15.12036991,2702800
2/27/2024,14.88774776,15.01801499,14.78539482,14.93427127,2706200
2/28/2024,15.01866913,15.21037686,14.76617639,14.78488002,2470600
2/29/2024,15.04672432,15.2150534,14.94385615,15.15894252,2854900
3/1/2024,15.28051567,15.36468022,15.06542928,15.1308902,1889900
3/4/2024,15.59846687,15.6171705,15.21505147,15.22440328,2642300
3/5/2024,15.39273548,15.61717549,15.38338545,15.47690004,1441300
3/6/2024,15.38338375,15.60782195,15.34130148,15.54236103,1103500
3/7/2024,15.43949127,15.55170947,15.32259628,15.52365581,1334300
3/8/2024,15.7761507,15.79485255,15.50495343,15.57976617,1619200
3/11/2024,15.69198895,15.88369672,15.6639335,15.72004261,2137400
3/12/2024,15.66392803,15.88369118,15.59846713,15.66392803,2091600
3/13/2024,15.42078781,15.74809416,15.34597508,15.60782052,2550800
3/14/2024,15.2431078,15.43949233,15.14024141,15.32727234,2570400
3/15/2024,15.13089085,15.30857177,15.01867085,15.11218722,3619800
3/18/2024,15.40208435,15.48624889,15.10937953,15.14959251,1382100
3/19/2024,15.43949127,15.46754671,15.30856945,15.35532673,1123300
3/20/2024,15.44884205,15.47222069,15.26180935,15.33662208,1167200
3/21/2024,15.6545763,15.7106854,15.46754539,15.50495086,1458500
3/22/2024,15.41143608,15.73874243,15.39740925,15.71068699,953600
3/25/2024,15.20570278,15.51430553,15.20570278,15.50495372,1053300
3/26/2024,15.19635201,15.33195065,15.19635201,15.27116474,1028800
3/27/2024,15.52527428,15.52527428,15.3091238,15.35611241,1418600
3/28/2024,15.39370441,15.59575869,15.25273678,15.55346822,1900200
4/1/2024,15.32791901,15.51117711,15.25273615,15.37490941,1313100
4/2/2024,15.27153492,15.27153492,15.07418056,15.13996535,2172600
4/3/2024,15.0835762,15.20574948,15.03658758,15.20574948,1661600
4/4/2024,15.02718735,15.29972632,14.8956178,15.26213399,1564500
4/5/2024,15.09297371,15.12116796,14.95200606,15.02718893,1558900
4/8/2024,15.23393917,15.33731627,15.0647791,15.08357347,1133500
4/9/2024,15.18695164,15.30442496,15.06478017,15.24333833,1082700
4/10/2024,14.80164051,15.02249006,14.74525291,14.91441481,1619900
4/11/2024,14.95200443,15.01778921,14.77344538,14.89561774,981900
4/12/2024,14.86742401,14.97080111,14.78754211,14.85802683,974300
4/15/2024,14.6794672,15.01309192,14.61368242,14.98019864,1160400
4/16/2024,14.40692902,14.71705853,14.38813375,14.62308041,2154600
4/17/2024,14.06860638,14.49151019,14.05450925,14.4351226,1610900
4/18/2024,14.03101444,14.16728304,13.96522877,14.13439065,1383500
4/19/2024,14.22837067,14.24716593,14.02161735,14.02161735,1778800
4/22/2024,14.49151039,14.51030566,14.19077895,14.23776756,1545500
4/23/2024,14.53850174,14.67007132,14.43512462,14.46331887,1318200
4/24/2024,14.35054207,14.53849921,14.31764878,14.4915097,1541100
4/25/2024,14.09679985,14.32234843,14.07330554,14.20017606,1814000
4/26/2024,14.09679985,14.23776749,14.00751987,14.1249932,2319100
4/29/2024,14.24797058,14.25741905,14.09679862,14.18183307,1772600
4/30/2024,13.94562817,14.19128308,13.91728275,14.16293765,2024600
5/1/2024,14.03066254,14.30466196,13.9739726,13.99286954,2019800
5/2/2024,13.86059475,14.16293872,13.81996703,14.16293872,1863600
5/3/2024,13.87004089,14.16293634,13.82752367,14.07790189,1949000
5/6/2024,13.98342133,14.03066279,13.86059387,13.96452438,1604700
5/7/2024,14.04010868,14.28576356,14.01176416,14.21962606,2255800
5/8/2024,13.89838505,14.04010853,13.79917789,13.9834195,1817600
5/9/2024,14.03066254,14.04483435,13.88893814,13.9361796,2854100
5/10/2024,14.02121449,14.10152471,13.87004251,14.05900748,3098500
5/13/2024,14.06845474,14.22907518,13.96452334,14.14404072,2142300
5/14/2024,13.97397327,14.24797271,13.9267318,14.21017972,4115300
5/15/2024,13.85114479,14.17238568,13.84169632,14.1629372,3207900
5/16/2024,13.90783405,13.94090281,13.79445508,13.86059259,2636000
5/17/2024,13.80390358,14.08735148,13.74721454,13.9739725,2484400
5/20/2024,13.97397327,14.10152497,13.80390435,13.80390435,2774000
5/21/2024,13.86059475,14.01176674,13.81335328,13.96452526,2178900
5/22/2024,13.75666237,13.96452337,13.73776542,13.8511444,1422700
5/23/2024,13.54880047,13.76610994,13.52990352,13.73776543,1897800
5/24/2024,13.671628,13.84169601,13.63383501,13.65273105,2344100
5/28/2024,13.55824947,13.77555896,13.50155953,13.77555896,2193700
5/29/2024,13.38817883,13.4637648,13.30314438,13.44486786,3010200
5/30/2024,13.42597294,13.54880038,13.35038696,13.49211045,1910500
5/31/2024,13.7205286,13.74903451,13.42597482,13.47348376,4154200
6/3/2024,13.87255573,13.87255573,13.62551001,13.71102591,3926100
6/4/2024,13.73002911,13.9295659,13.69202214,13.80604304,1849500
6/5/2024,13.59700489,13.77753774,13.51623998,13.75853381,1754300
6/6/2024,13.68252087,13.73478079,13.52099103,13.5875039,1685000
6/7/2024,13.52099133,13.66826912,13.50198829,13.54949723,2592800
6/10/2024,13.58750343,13.64926441,13.26444377,13.35946164,2243200
6/11/2024,13.60650635,13.7062752,13.53999438,13.53999438,3809600
6/12/2024,13.95807171,14.16711048,13.86780573,13.89155974,4442100
6/13/2024,13.93906879,14.00558076,13.79179191,13.97707576,2407300
6/14/2024,13.7205286,13.88300901,13.67302057,13.83930049,1710200
6/17/2024,13.89155865,13.90106061,13.69677284,13.72052685,1622100
6/18/2024,13.76803684,14.02458455,13.73953184,13.93906865,1740400
6/20/2024,13.81554508,13.86305402,13.63501222,13.71102615,1773100
6/21/2024,13.86305428,13.95807124,13.75378436,13.84405034,4969600
6/24/2024,13.81554508,14.02458385,13.81554508,13.91056295,1490500
6/25/2024,13.64451408,13.84405089,13.6397631,13.81554589,1296100
6/26/2024,13.55899715,13.64451214,13.47348126,13.57800018,2072100
6/27/2024,13.63501263,13.63501263,13.46398082,13.53999476,1473600
6/28/2024,13.8929987,13.91210917,13.6254584,13.69234324,5455600
7/1/2024,13.64456749,13.91210869,13.61112507,13.90255345,1634200
7/2/2024,13.64456749,13.68756515,13.58723788,13.64456749,1160500
7/3/2024,13.57768059,13.72100549,13.56812535,13.70189593,659600
7/5/2024,13.56812763,13.58723811,13.45824513,13.56812763,1456800
7/8/2024,13.50124168,13.68278664,13.47257688,13.66367708,1344900
7/9/2024,13.34836102,13.53468358,13.32925054,13.46302113,2995500
7/10/2024,13.52990723,13.55857203,13.37702706,13.43435758,2023500
7/11/2024,13.64456749,13.81178051,13.64456749,13.69234277,2117500
7/12/2024,13.90255356,13.93121836,13.68278764,13.78789343,2235600
7/15/2024,14.08409786,14.19875798,13.92166247,13.97899298,2011900
7/16/2024,14.38985825,14.40896781,14.08887465,14.20831238,2338300
7/17/2024,14.61917973,14.70517505,14.3420842,14.3420842,3398400
7/18/2024,14.19875622,14.76250242,14.15575856,14.54273744,1662900
7/19/2024,14.26564407,14.30864173,14.04587816,14.16053828,1972800
7/22/2024,14.35163975,14.38985979,14.10320902,14.31341879,1741500
7/23/2024,14.55229282,14.6000681,14.25608776,14.2943078,1651500
7/24/2024,14.15098476,14.67651013,14.12231905,14.60007004,2519900
7/25/2024,13.98854733,14.23697711,13.93599443,14.11276267,2322400
7/26/2024,14.32297516,14.38030568,14.06499009,14.17009498,1712300
7/29/2024,14.33252811,14.41852343,14.25131042,14.38030339,1464700
7/30/2024,14.53318405,14.59051457,14.36119342,14.37074865,2756100
7/31/2024,14.20659542,14.62923883,14.20659542,14.62923883,3616100
8/1/2024,14.03369427,14.33146642,13.90402017,14.25462217,2435900
8/2/2024,13.90882397,14.02409127,13.61105269,13.82237486,2881000
8/5/2024,13.40933609,13.77434678,13.37571684,13.41894185,4699100
8/6/2024,13.47657299,13.7167115,13.17880175,13.45736239,3089400
8/7/2024,13.44775867,13.59664432,13.29887303,13.57263083,2338300
8/8/2024,13.47657299,13.55341724,13.4285451,13.51499512,1347800
8/9/2024,13.49578571,13.52940496,13.3420972,13.43815206,2472900
8/12/2024,13.15959167,13.56782737,13.14038107,13.54381388,2427900
8/13/2024,13.29406929,13.33249142,13.06353652,13.2460414,2026700
8/14/2024,13.37091255,13.46696832,13.30367406,13.30367406,1984000
8/15/2024,13.72631931,13.80316357,13.476575,13.5918414,2870200
8/16/2024,13.69750309,13.80316372,13.64467232,13.67829157,2159700
8/19/2024,13.81276798,13.84638723,13.67829008,13.68789584,1395500
8/20/2024,13.5342083,13.7839526,13.5342083,13.7839526,1897500
8/21/2024,13.70710754,13.72631815,13.51019311,13.63986813,1454300
8/22/2024,13.70710754,13.7839518,13.56302388,13.67829026,2066900
8/23/2024,13.92803478,14.04330117,13.73592414,13.80316264,1538900
8/26/2024,13.85118961,14.09132813,13.84158385,14.02408964,1657200
8/27/2024,13.73592567,13.92803634,13.71671415,13.79355842,1196200
8/28/2024,13.69750309,13.82237525,13.6686858,13.67829157,1537600
8/29/2024,13.76474094,13.92323234,13.72631881,13.80796595,1985000
8/30/2024,13.9482708,13.95793049,13.74059302,13.84201699,2386800
9/3/2024,13.77440071,13.90963266,13.72610319,13.85167638,2504200
9/4/2024,13.60052872,13.94826918,13.59569887,13.77439941,2222300
9/5/2024,13.45563793,13.67973699,13.43148871,13.61018926,2392700
9/6/2024,13.48461533,13.63916664,13.37836153,13.4459775,3162100
9/9/2024,13.5908699,13.71644309,13.33489462,13.47495641,3652400
9/10/2024,13.54257298,13.63916709,13.4169998,13.59086957,2835000
9/11/2024,13.56189156,13.58121093,13.33006457,13.43631837,1735400
9/12/2024,13.68746567,13.69229551,13.47978697,13.62950846,1269000
9/13/2024,13.79371929,13.81303867,13.6681461,13.77440084,1518900
9/16/2024,13.85167694,13.94344214,13.77440127,13.85167694,1762500
9/17/2024,13.89031315,14.0835023,13.84684547,13.93861067,2066000
9/18/2024,13.96758938,14.18975668,13.83718635,13.91929186,1892900
9/19/2024,14.66307163,14.68239009,14.14146044,14.20907641,2414100
9/20/2024,14.827281,14.91904526,14.498859,14.56647497,5585400
9/23/2024,14.68239021,14.88040922,14.63409269,14.82728278,1546600
9/24/2024,14.73068714,14.79347327,14.62443334,14.68238962,1780100
9/25/2024,14.46988106,14.77415478,14.43607307,14.7403468,1325400
9/26/2024,14.57613468,14.67272879,14.47470981,14.57613468,1570700
9/27/2024,14.62443447,14.79347442,14.51334989,14.7210286,1523100
9/30/2024,14.42050648,14.60015536,14.27484424,14.56616778,1799900
10/1/2024,14.37195301,14.46906024,14.2165807,14.41079609,1296400
10/2/2024,14.37195301,14.52246982,14.28455585,14.30397693,1521100
10/3/2024,14.25542355,14.29426662,14.04664165,14.29426662,1136100
10/4/2024,14.76038551,14.77009652,14.42050877,14.44964085,1508000
10/7/2024,14.66327667,14.78466141,14.62443359,14.68269775,2376400
10/8/2024,14.73125172,14.78951587,14.32825443,14.71182971,2362000
10/9/2024,14.66327667,14.80408249,14.61472259,14.73125183,1874400
10/10/2024,14.62443352,14.70211968,14.52246986,14.56616844,2792100
10/11/2024,14.75067329,14.81864938,14.56131339,14.62443398,2777100
10/14/2024,14.55645847,14.7118308,14.5370374,14.7118308,1416300
10/15/2024,14.5758791,14.77980549,14.51761402,14.53703602,1650200
10/16/2024,14.79922676,14.83321434,14.59530037,14.61472237,1368200
10/17/2024,14.78951645,14.80893845,14.66327713,14.78951645,1321600
10/18/2024,14.56616688,14.82835833,14.5273238,14.81864733,1131200
10/21/2024,14.55645847,14.58559148,14.43021823,14.54674747,1528100
10/22/2024,14.45934963,14.58073436,14.43507213,14.54674586,1722300
10/23/2024,14.26513386,14.4010851,14.17773763,14.37195302,1445900
10/24/2024,14.49819279,14.50304829,14.25542332,14.31368747,1105900
10/25/2024,14.45934963,14.64385402,14.43507213,14.57587886,1068900
10/28/2024,14.66327667,14.72639633,14.55645751,14.56616851,1290400
10/29/2024,14.74096298,14.77009506,14.53703658,14.60501174,1633400
10/30/2024,14.80893803,14.93517826,14.69240879,14.70211979,1960300
10/31/2024,14.41845894,14.82846164,14.40381562,14.82846164,1931600
11/1/2024,14.33060074,14.59417397,14.32083853,14.4477445,1232200
11/4/2024,14.37941074,14.49655544,14.2769103,14.33060154,1727000
11/5/2024,14.40869808,14.58441328,14.02798012,14.24274417,2121600
11/6/2024,15.3653717,15.45322976,14.93584456,15.02370262,4418000
11/7/2024,15.23846531,15.51180169,15.22870403,15.32632336,1834200
11/8/2024,15.55084991,15.59477894,15.17989419,15.27751353,2359800
11/11/2024,15.60942078,15.85347051,15.4825148,15.59965856,2364700
11/12/2024,15.52156353,15.68751743,15.4337064,15.53132574,1995000
11/13/2024,15.51180172,15.64749238,15.44346716,15.55084964,1468700
11/14/2024,15.21894169,15.66311213,15.21894169,15.56061076,1824300
11/15/2024,15.13108444,15.46299225,15.09203652,15.37513419,1153600
11/18/2024,15.15060806,15.2238228,15.03346337,15.20917948,1265400
11/19/2024,15.07251167,15.12132181,14.94560663,15.02370247,1226300
11/20/2024,15.004179,15.20918083,14.93096426,15.01394121,1477300
11/21/2024,15.3653717,15.40930073,15.04810722,15.09203625,1060600
11/22/2024,15.72656536,15.78513678,15.39465758,15.42394328,1923300
11/25/2024,15.93156719,16.10728331,15.78513772,15.78513772,1955500
11/26/2024,15.78513718,15.89251966,15.68751691,15.82418417,1602200
11/27/2024,15.81442547,15.93645035,15.75585218,15.8827591,2012800
11/29/2024,15.80461216,15.97138964,15.78499084,15.82423161,1021900
12/2/2024,15.80461216,15.90271502,15.63783375,15.86347425,1740900
12/3/2024,15.91252613,16.11854625,15.86837909,15.92233679,2011600
12/4/2024,15.78499126,15.99100952,15.66236082,15.883096,2162300
12/5/2024,15.66726685,15.87328604,15.64764552,15.79480263,2177500
12/6/2024,15.74574852,15.81932754,15.68688643,15.7751805,1133900
12/9/2024,15.86347485,15.99100969,15.81442342,15.92233694,1132600
12/10/2024,15.95177078,16.05968619,15.73594184,15.90271747,2216300
12/11/2024,15.93214893,16.12345215,15.87328684,16.00082169,2385700
12/12/2024,15.79480267,15.96648455,15.784992,15.87328608,1414500
12/13/2024,15.74574852,15.76536984,15.58878263,15.73593973,1532100
12/16/2024,15.88309669,15.97629517,15.64764552,15.65745618,1184500
12/17/2024,15.71631813,15.9419577,15.6182134,15.77518022,1336500
12/18/2024,14.96091461,15.78499137,14.88733653,15.72612928,1651100
12/19/2024,15.04920959,15.26503946,14.96582085,15.07864064,1688900
12/20/2024,15.31408978,15.46124687,14.87262036,14.87262036,5723300
12/23/2024,15.31408978,15.41219451,15.19145933,15.30428005,865600
12/24/2024,15.41219425,15.41219425,15.22579639,15.29446914,422800
12/26/2024,15.46124744,15.50048915,15.27484864,15.30428062,1570600
12/27/2024,15.14731312,15.51030008,15.12769273,15.30428088,1217000
12/30/2024,15.13750362,15.18655506,14.89714805,15.08845125,1188100
12/31/2024,15.18697166,15.34527219,15.1276085,15.26612193,1210500
1/2/2025,14.97920227,15.2562282,14.87531696,15.21665307,1154600
1/3/2025,14.99898911,15.03361723,14.81100747,14.93962688,1309600
1/6/2025,14.67249393,15.00888302,14.61313171,14.94951986,3111600
1/7/2025,14.46472454,14.75164449,14.35094615,14.71206935,3178300
1/8/2025,14.39546776,14.49440511,14.29652946,14.37567972,2031100
1/10/2025,14.42514896,14.54882137,14.07886586,14.16791014,1430100
1/13/2025,14.45483017,14.4944053,14.33115777,14.36578683,981000
1/14/2025,14.68238831,14.68238831,14.46472461,14.46472461,1186400
1/15/2025,14.99898911,15.13750254,14.95941397,15.01877714,2153000
1/16/2025,14.92973328,15.0830868,14.90994524,15.02867064,1743100
1/17/2025,14.88026333,15.1127671,14.87036931,15.04845787,1578800
1/21/2025,15.10782146,15.13750258,14.94951999,14.98909513,1383300
1/22/2025,15.01877689,15.09001175,14.90994458,14.98909484,1554500
1/23/2025,15.09792709,15.10782111,14.94951964,14.94951964,1362100
1/24/2025,14.99898911,15.20675878,14.96930799,15.08308638,1204800
1/27/2025,15.42442226,15.62229792,15.18697148,15.23643968,2436200
1/28/2025,15.53325367,15.84490771,15.40463426,15.40463426,2204800
1/29/2025,15.22654629,15.59558393,15.18202415,15.5035722,1829500
1/30/2025,15.35516548,15.513466,15.25128018,15.38484659,1412300
1/31/2025,15.35516453,15.50434092,15.26565983,15.40488999,1413800
2/3/2025,15.25571537,15.38500121,14.97725408,15.14631915,1769100
2/4/2025,15.30543995,15.38997295,15.14134658,15.2457692,918100
2/5/2025,15.35516453,15.40488999,15.26068719,15.34522019,1524100
2/6/2025,15.76291275,15.76291275,15.39494488,15.39494488,1607400
2/7/2025,15.58390141,15.77285703,15.50931368,15.72313252,1831500
2/10/2025,15.23582458,15.56401134,15.14631893,15.56401134,2071500
2/11/2025,15.21593475,15.28554984,15.00211591,15.1264291,1299300
2/12/2025,15.15626431,15.19604449,14.95239074,15.00708885,1241800
2/13/2025,15.22587967,15.32035701,15.10653817,15.19604382,1359900
2/14/2025,15.14631844,15.36510991,15.13140146,15.26565993,1459000
2/18/2025,15.29549503,15.30046767,15.07670355,15.11648374,3149900
2/19/2025,15.27560425,15.35019292,15.1264288,15.16620898,1529200
2/20/2025,15.18610001,15.21593491,14.89769249,15.17615472,3064700
2/21/2025,14.67890167,15.34522045,14.62420357,15.34522045,2762300
2/24/2025,14.53967094,14.82807751,14.47005586,14.81813223,3822300
2/25/2025,14.31093502,14.57447838,14.15181334,14.5595614,2952300
2/26/2025,14.3904953,14.58939622,14.26120947,14.32087927,2914800
2/27/2025,14.4800005,14.64906556,14.42231862,14.46010993,1657100
2/28/2025,14.81000042,14.93000031,14.53999996,14.53999996,3529500
3/3/2025,14.56999969,14.96000004,14.53999996,14.77499962,2490200
3/4/2025,14.5,14.64000034,14.32499981,14.5,4179700
3/5/2025,14.55000019,14.68000031,14.43000031,14.48999977,3346800
3/6/2025,14.35999966,14.57999992,14.35000038,14.43999958,3141200
3/7/2025,14.67000008,14.68000031,14.34000015,14.35999966,2781900
3/10/2025,14.18000031,14.71000004,14.10000038,14.60000038,3952300
3/11/2025,13.69999981,14.31999969,13.68000031,14.27999973,5921200
3/12/2025,13.64000034,13.84300041,13.46000004,13.80000019,3182000
3/13/2025,13.14999962,13.80000019,13.10499954,13.68999958,3461100
3/14/2025,13.52999973,13.55000019,13.22000027,13.27000046,2128600
3/17/2025,13.77000046,13.83500004,13.53999996,13.53999996,2210500
3/18/2025,13.43999958,13.68999958,13.40499973,13.68999958,2430600
3/19/2025,13.60000038,13.71000004,13.46500015,13.47999954,1780700
3/20/2025,13.51000023,13.68999958,13.46000004,13.48999977,1772700
3/21/2025,13.32999992,13.35999966,13.01000023,13.35999966,4399800
